FACILITY_ID,FACILITY_NAME,ADDRESS,CITYTOWN,STATE,ZIP_CODE,COUNTY_PARISH,TELEPHONE_NUMBER,HOSPITAL_TYPE,HOSPITAL_OWNERSHIP,EMERGENCY_SERVICES,BIRTHING_FRIENDLY_HOSPITAL,LATITUDE,LONGITUDE
400125,HIMA-SAN PABLO FAJARDO,GENERAL VALERO AVE#404,FAJARDO,PR,738,FAJARDO,(787) 655-0505,Acute Care Hospitals,Proprietary,TRUE,TRUE,18.33672,-65.65449
400141,CENTRO MEDICO DEL NORESTE,404 AVE GENERAL VALERO,FAJARDO,PR,738,FAJARDO,(787) 863-0505,Acute Care Hospitals,Proprietary,TRUE,FALSE,18.33672,-65.65449
400133,HIMA SAN PABLO CUPEY,CARR 844 KM 5 CUPEY BAJO,SAN JUAN,PR,928,SAN JUAN,(787) 761-8383,Acute Care Hospitals,Proprietary,TRUE,TRUE,,
224046,MIRAVISTA BEHAVIORAL HEALTH CENTER,1233 MAIN STREET,HOLYOKE,MA,1040,HAMPDEN,(413) 701-2600,Psychiatric,Proprietary,FALSE,FALSE,42.1659,-72.634
223303,SHRINERS' HOSPITAL FOR CHILDREN (THE),516 CAREW STREET,SPRINGFIELD,MA,1104,HAMPDEN,(413) 787-2000,Childrens,Voluntary non-profit - Private,FALSE,FALSE,42.12132,-72.59237
200019,SOUTHERN MAINE HEALTH CARE,1 MEDICAL CENTER DRIVE,BIDDEFORD,ME,4005,YORK,(207) 283-7000,Acute Care Hospitals,Voluntary non-profit - Private,TRUE,TRUE,43.47751,-70.49038
200037,FRANKLIN MEMORIAL HOSPITAL,111 FRANKLIN HEALTH COMMONS,FARMINGTON,ME,4938,FRANKLIN,(207) 778-6031,Acute Care Hospitals,Voluntary non-profit - Private,TRUE,TRUE,44.62663,-70.16287
70040,HEBREW HOME AND HOSPITAL INC,1 ABRAHMS BOULEVARD,WEST HARTFORD,CT,6117,HARTFORD,(860) 523-3800,Acute Care Hospitals,Voluntary non-profit - Other,FALSE,FALSE,41.80293,-72.72927
70039,MASONICARE HEALTH CENTER HOSPITAL,22 MASONIC AVE,WALLINGFORD,CT,6492,NEW HAVEN,(203) 679-5900,Acute Care Hospitals,Voluntary non-profit - Private,FALSE,FALSE,41.46271,-72.83624
314021,HAMPTON BEHAVIORAL HEALTH CENTER,650 RANCOCAS ROAD,WESTAMPTON,NJ,8060,BURLINGTON,(609) 267-7000,Psychiatric,Proprietary,FALSE,FALSE,40.00819,-74.84686
310091,SALEM MEDICAL CENTER,310 SALEM WOODSTOWN ROAD,SALEN,NJ,8079,SALEM,(856) 935-1000,Acute Care Hospitals,Voluntary non-profit - Private,TRUE,TRUE,39.59379,-75.444
310081,INSPIRA MEDICAL CENTER WOODBURY,509 N BROAD ST,WOODBURY,NJ,8096,GLOUCESTER,(856) 845-0100,Acute Care Hospitals,Voluntary non-profit - Private,TRUE,TRUE,39.84386,-75.14947
314026,EAST MOUNTAIN HOSPITAL,40 EAST MOUNTAIN ROAD,BELLE MEAD,NJ,8502,SOMERSET,(908) 281-1500,Psychiatric,Voluntary non-profit - Private,FALSE,FALSE,40.46762,-74.6852
310021,ST FRANCIS MEDICAL CENTER,601 HAMILTON AVE,TRENTON,NJ,8629,MERCER,(609) 599-5000,Acute Care Hospitals,Voluntary non-profit - Church,TRUE,FALSE,40.21652,-74.74165
310131,HACKENSACK MERIDIAN LTACH,"530 NEW BRUNSWICK AVENUE, 4TH FLOOR/GREEN",PERTH AMBOY,NJ,8861,MIDDLESEX,(732) 324-4714,Acute Care Hospitals,Voluntary non-profit - Private,FALSE,FALSE,40.51903,-74.2805
330410,TERENCE CARDINAL COOKE HEALTH CARE CENTER,1249 FIFTH AVENUE,NEW YORK,NY,10029,NEW YORK,(212) 360-3600,Acute Care Hospitals,Voluntary non-profit - Church,FALSE,FALSE,,
330385,NORTH CENTRAL BRONX HOSPITAL,3424 KOSSUTH AVENUE & 210TH STREET,BRONX,NY,10467,BRONX,(212) 519-5000,Acute Care Hospitals,Government - Local,TRUE,TRUE,40.88037,-73.88106
330201,KINGSBROOK JEWISH MEDICAL CENTER,585 SCHENECTADY AVENUE,BROOKLYN,NY,11203,KINGS,(718) 604-5789,Acute Care Hospitals,Voluntary non-profit - Private,TRUE,FALSE,40.65944,-73.93355
330397,INTERFAITH MEDICAL CENTER,1545 ATLANTIC AVENUE,BROOKLYN,NY,11213,KINGS,(718) 613-4000,Acute Care Hospitals,Voluntary non-profit - Private,FALSE,TRUE,40.67823,-73.93737
330236,NEW YORK-PRESBYTERIAN/BROOKLYN METHODIST HOSPITAL,506 SIXTH STREET,BROOKLYN,NY,11215,KINGS,(718) 780-3031,Acute Care Hospitals,Voluntary non-profit - Private,TRUE,TRUE,40.66776,-73.97899
330409,THE BURDETT CARE CENTER,2215 BURDETT AVE,TROY,NY,12180,RENSSELAER,(518) 271-3655,Acute Care Hospitals,Voluntary non-profit - Private,FALSE,TRUE,42.73336,-73.67267
330004,HEALTHALLIANCE HOSPITAL BROADWAY CAMPUS,396 BROADWAY,KINGSTON,NY,12401,ULSTER,(914) 331-3131,Acute Care Hospitals,Voluntary non-profit - Private,TRUE,TRUE,41.92666,-73.99484
33014F,VA HUDSON VALLEY HEALTHCARE SYSTEM - CASTLE POINT,41 CASTLE POINT ROAD,WAPPINGERS FALLS,NY,12590,DUTCHESS,(845) 831-2000,Acute Care - Veterans Administration,Veterans Health Administration,FALSE,FALSE,,
330084,ALICE HYDE MEDICAL CENTER,"133 PARK STREET, PO BOX 729",MALONE,NY,12953,FRANKLIN,(518) 483-3000,Acute Care Hospitals,Voluntary non-profit - Other,TRUE,TRUE,44.85674,-74.29129
330245,ST ELIZABETH MEDICAL CENTER,2209 GENESEE STREET,UTICA,NY,13501,ONEIDA,(315) 798-8100,Acute Care Hospitals,Voluntary non-profit - Private,TRUE,FALSE,43.08217,-75.26611
330223,MASSENA HOSPITAL,1 HOSPITAL DRIVE,MASSENA,NY,13662,ST. LAWRENCE,(315) 769-4234,Acute Care Hospitals,Voluntary non-profit - Private,TRUE,TRUE,44.93623,-74.90874
334068,CLAXTON-HEPBURN MEDICAL CENTER,214 KING STREET,OGDENSBURG,NY,13669,ST. LAWRENCE,(315) 713-5210,Psychiatric,Voluntary non-profit - Private,FALSE,FALSE,44.69159,-75.49989
331307,CLIFTON FINE HOSPITAL,1014 OSWEGATCHIE TRAIL,STAR LAKE,NY,13690,ST. LAWRENCE,(315) 848-3351,Critical Access Hospitals,Voluntary non-profit - Private,TRUE,FALSE,44.16241,-75.0563
330163,EASTERN NIAGARA HOSPITAL - LOCKPORT DIVISION,521 EAST AVENUE,LOCKPORT,NY,14094,NIAGARA,(716) 514-5700,Acute Care Hospitals,Voluntary non-profit - Private,TRUE,FALSE,43.17737,-78.67114
330008,WYOMING COUNTY COMMUNITY HOSPITAL,400 NORTH MAIN STREET,WARSAW,NY,14569,WYOMING,(585) 786-8940,Acute Care Hospitals,Government - Local,TRUE,FALSE,42.7543,-78.13107
330403,MONROE COMMUNITY HOSPITAL,435 EAST HENRIETTA ROAD,ROCHESTER,NY,14620,MONROE,(585) 760-6500,Acute Care Hospitals,Voluntary non-profit - Other,FALSE,FALSE,43.113,-77.61799
330800,IRA DAVENPORT MEMORIAL HOSPITAL,7571 STATE ROUTE 54,BATH,NY,14810,STEUBEN,(607) 776-8500,Rural Emergency Hospital,Voluntary non-profit - Private,TRUE,FALSE,42.37433,-77.27891
390157,HERITAGE VALLEY KENNEDY,25 HECKEL ROAD,MCKEES ROCKS,PA,15136,ALLEGHENY,(412) 777-6161,Acute Care Hospitals,Voluntary non-profit - Private,TRUE,FALSE,40.4726,-80.09114
394054,EAST END BEHAVIORAL HEALTH HOSPITAL,225 PENN AVENUE SECOND FLOOR,PITTSBURGH,PA,15221,ALLEGHENY,(412) 247-2400,Psychiatric,Proprietary,FALSE,FALSE,40.44674,-79.89175
390008,ELLWOOD CITY MEDICAL CENTER,724 PERSHING STREET,ELLWOOD CITY,PA,16117,LAWRENCE,(724) 752-0081,Acute Care Hospitals,Proprietary,TRUE,FALSE,40.86997,-80.27566
390130,CONEMAUGH MINERS MEDICAL CENTER,290 HAIDA AVENUE,HASTINGS,PA,16646,CAMBRIA,(814) 247-3100,Acute Care Hospitals,Proprietary,TRUE,TRUE,40.65807,-78.70527
390104,UPMC KANE,4372 ROUTE 6,KANE,PA,16735,MC KEAN,(814) 837-8585,Acute Care Hospitals,Voluntary non-profit - Private,TRUE,FALSE,41.67177,-78.81707
390052,PENN HIGHLANDS CLEARFIELD,809 TURNPIKE AVE,CLEARFIELD,PA,16830,CLEARFIELD,(814) 768-2497,Acute Care Hospitals,Voluntary non-profit - Other,TRUE,TRUE,41.0329,-78.4495
390071,UPMC LOCK HAVEN,24 CREE DRIVE,LOCK HAVEN,PA,17745,CLINTON,(570) 893-5000,Acute Care Hospitals,Voluntary non-profit - Private,TRUE,TRUE,41.1316,-77.47021
390084,SUNBURY COMMUNITY HOSPITAL,350 NORTH 11TH STREET,SUNBURY,PA,17801,NORTHUMBERLND,(570) 286-3333,Acute Care Hospitals,Proprietary,FALSE,TRUE,40.86193,-76.77802
390314,LVH- COORDINATED BETHLEHEM,2310 HIGHLAND AVENUE,BETHLEHEM,PA,18017,NORTHAMPTON,(610) 691-4300,Acute Care Hospitals,Voluntary non-profit - Private,FALSE,TRUE,40.67312,-75.36546
394047,KIDSPEACE ORCHARD HILLS CAMPUS,5300 KIDSPEACE DRIVE,OREFIELD,PA,18069,LEHIGH,(610) 799-8800,Psychiatric,Voluntary non-profit - Private,FALSE,FALSE,40.64878,-75.61347
390019,PALMERTON HOSPITAL,135 LAFAYETTE AVENUE,PALMERTON,PA,18071,CARBON,(610) 826-3141,Acute Care Hospitals,Voluntary non-profit - Other,TRUE,TRUE,40.80297,-75.61503
390197,ST LUKE'S HOSPITAL - SACRED HEART CAMPUS,421 CHEW STREET,ALLENTOWN,PA,18102,LEHIGH,(610) 776-4900,Acute Care Hospitals,Voluntary non-profit - Private,TRUE,TRUE,40.60831,-75.46846
390321,LVH- COORDINATED ALLENTOWN,1503 CEDAR CREST BOULEVARD,ALLENTOWN,PA,18104,LEHIGH,(610) 871-9110,Acute Care Hospitals,Proprietary,FALSE,TRUE,40.61275,-75.52923
390194,ST LUKE'S HOSPITAL - LEHIGHTON,211 NORTH 12TH STREET,LEHIGHTON,PA,18235,CARBON,(607) 377-1300,Acute Care Hospitals,Voluntary non-profit - Private,TRUE,TRUE,40.83308,-75.7259
390119,MOSES TAYLOR HOSPITAL,700 QUINCY AVENUE,SCRANTON,PA,18510,LACKAWANNA,(570) 340-2100,Acute Care Hospitals,Proprietary,TRUE,TRUE,41.41069,-75.65057
390072,BERWICK HOSPITAL CENTER,701 EAST 16TH STREET,BERWICK,PA,18603,COLUMBIA,(570) 759-5020,Acute Care Hospitals,Proprietary,TRUE,FALSE,41.07095,-76.23093
390192,TYLER MEMORIAL HOSPITAL,5950 STATE ROUTE 6 WEST,TUNKHANNOCK,PA,18657,WYOMING,(570) 836-2161,Acute Care Hospitals,Proprietary,TRUE,TRUE,41.5776,-75.96941
394039,FIRST HOSPITAL OF WYOMING VALLEY,562 WYOMING AVENUE,KINGSTON,PA,18704,LUZERNE,(570) 552-3900,Psychiatric,Proprietary,FALSE,FALSE,41.26971,-75.88923
390236,GUTHRIE TOWANDA MEMORIAL HOSPITAL,91 HOSPITAL DRIVE,TOWANDA,PA,18848,BRADFORD,(570) 265-2191,Acute Care Hospitals,Voluntary non-profit - Private,TRUE,TRUE,41.78405,-76.44815
390081,DELAWARE COUNTY MEMORIAL HOSPITAL,501 NORTH LANSDOWNE AVE,DREXEL HILL,PA,19026,DELAWARE,(215) 284-8100,Acute Care Hospitals,Proprietary,TRUE,TRUE,39.95476,-75.2836
390312,"CANCER TREATMENT CENTERS OF AMERICA, PHILADELPHIA",1331 EAST WYOMING AVENUE,PHILADELPHIA,PA,19124,PHILADELPHIA,(215) 537-7400,Acute Care Hospitals,Voluntary non-profit - Private,FALSE,TRUE,40.01881,-75.09946
390076,BRANDYWINE HOSPITAL,201 REECEVILLE ROAD,COATESVILLE,PA,19320,CHESTER,(610) 383-8000,Acute Care Hospitals,Proprietary,TRUE,TRUE,40.01013,-75.78613
394062,HAVEN BEHAVIORAL HOSPITAL OF WEST CHESTER,400 EAST MARSHALL STREET,WEST CHESTER,PA,19380,CHESTER,(484) 835-2050,Psychiatric,Proprietary,FALSE,FALSE,,
390220,JENNERSVILLE HOSPITAL,1015 WEST BALTIMORE PIKE,WEST GROVE,PA,19390,CHESTER,(610) 869-1000,Acute Care Hospitals,Voluntary non-profit - Other,TRUE,TRUE,39.82204,-75.88773
210055,LAUREL REGIONAL MEDICAL CENTER,7300 VAN DUSEN ROAD,LAUREL,MD,20707,PRINCE GEORGES,(301) 725-4300,Acute Care Hospitals,Voluntary non-profit - Private,TRUE,FALSE,39.0868,-76.88121
210006,UNIVERSITY OF MD HARFORD MEMORIAL HOSPITAL,501 SOUTH  UNION AVENUE,HAVRE DE GRACE,MD,21078,HARFORD,(443) 643-3303,Acute Care Hospitals,Voluntary non-profit - Private,TRUE,TRUE,39.54309,-76.09084
210068,BALTIMORE CONVENTION CENTER ALTERNATE CARE SITE,1 WEST PRATT STREET,BALTIMORE,MD,21201,BALTIMORE CITY,(410) 649-6100,Acute Care Hospitals,Government - State,FALSE,FALSE,,
210013,"GRACE MEDICAL CENTER, INC",2000 W BALTIMORE STREET,BALTIMORE,MD,21223,BALTIMORE CITY,(410) 362-3000,Acute Care Hospitals,Voluntary non-profit - Private,TRUE,TRUE,39.28835,-76.64925
490147,INOVA SPECIALTY HOSPITAL,"2501 PARKERS LANE, 4TH FLOOR",ALEXANDRIA,VA,22306,FAIRFAX,(571) 547-3600,Acute Care Hospitals,Proprietary,FALSE,FALSE,38.73973,-77.07705
493302,CHILDREN'S HOSPITAL OF RICHMOND,2924 BROOK ROAD,RICHMOND,VA,23220,RICHMOND CITY,(804) 321-7474,Childrens,Voluntary non-profit - Private,FALSE,FALSE,,
490148,BON SECOURS HARBOUR VIEW MEDICAL CENTER,1020 BON SECOURS DRIVE,SUFFOLK,VA,23435,SUFFOLK CITY,(757) 673-5917,Acute Care Hospitals,Voluntary non-profit - Private,TRUE,FALSE,,
490011,BON SECOURS DEPAUL MEDICAL CENTER,150 KINGSLEY LANE,NORFOLK,VA,23505,NORFOLK CITY,(757) 889-5000,Acute Care Hospitals,Voluntary non-profit - Private,TRUE,TRUE,36.89948,-76.28162
49005F,633RD MEDICAL GROUP (JOINT BASE LANGLEY-EUSTIS),77 NEALY AVE - JOINT BASE LANGLEY-EUSTIS,LANGLEY,VA,23665,HAMPTON CITY,(757) 225-7630,Acute Care - Department of Defense,Department of Defense,TRUE,FALSE,,
490001,NORTON COMMUNITY HOSPITAL,100  15TH NW STREET,NORTON,VA,24273,NORTON CITY,(276) 439-1000,Acute Care Hospitals,Voluntary non-profit - Private,TRUE,TRUE,36.93296,-82.64198
510071,BLUEFIELD REGIONAL MEDICAL CENTER,500 CHERRY ST,BLUEFIELD,WV,24701,MERCER,(304) 327-1100,Acute Care Hospitals,Proprietary,TRUE,FALSE,37.25573,-81.23551
510031,SAINT FRANCIS HOSPITAL,333 LAIDLEY ST,CHARLESTON,WV,25301,KANAWHA,(304) 347-6500,Acute Care Hospitals,Proprietary,TRUE,FALSE,38.35346,-81.63324
510039,OHIO VALLEY MEDICAL CENTER,2000 EOFF STREET,WHEELING,WV,26003,OHIO,(304) 234-0123,Acute Care Hospitals,Voluntary non-profit - Private,TRUE,FALSE,40.06007,-80.72168
510092,ACUITY SPECIALTY HOSPITAL OF MORGANTOWN,"1200 JD ANDERSON DRIVE, 4TH FLOOR",MORGANTOWN,WV,26505,MONONGALIA,(304) 598-1506,Acute Care Hospitals,Proprietary,FALSE,FALSE,39.66362,-79.94694
510047,FAIRMONT REGIONAL MEDICAL CENTER,1325 LOCUST AVENUE,FAIRMONT,WV,26554,MARION,(304) 367-7100,Acute Care Hospitals,Voluntary non-profit - Private,TRUE,FALSE,39.48367,-80.16135
340187,DAVIE MEDICAL CENTER,329 NC HWY 801 N,BERMUDA RUN,NC,27006,DAVIE,(336) 751-8100,Acute Care Hospitals,Voluntary non-profit - Private,TRUE,FALSE,36.0094,-80.44759
344027,RJ BLACKLEY ALCOHOL AND DRUG ABUSE TREATMENT CTR,"BLDG 29, 30 BARRETT BLDG, 100 H STREET",BUTNER,NC,27509,GRANVILLE,(919) 575-7240,Psychiatric,Government - State,FALSE,FALSE,,
344028,STRATEGIC BEHAVORIAL CENTER-GARNER,3200 WATERFIELD DRIVE,GARNER,NC,27529,WAKE,(919) 800-4400,Psychiatric,Proprietary,FALSE,FALSE,35.67803,-78.56141
340073,DUKE HEALTH RALEIGH HOSPITAL,3400 WAKE FOREST RD,RALEIGH,NC,27609,WAKE,(919) 954-3000,Acute Care Hospitals,Voluntary non-profit - Private,TRUE,FALSE,35.82853,-78.61813
340192,JAMES E DAVIS AMBULATORY SURGICAL CENTER,120 E. CARVER STREET,DURHAM,NC,27704,DURHAM,(222) 333-4444,Acute Care Hospitals,Proprietary,FALSE,FALSE,,
340186,VIDANT BEAUFORT HOSPITAL,628 E 12TH ST,WASHINGTON,NC,27889,BEAUFORT,(252) 975-4100,Acute Care Hospitals,Voluntary non-profit - Private,TRUE,TRUE,35.54922,-77.03784
340133,MARTIN GENERAL HOSPITAL,310 S MCCASKEY RD P O BOX 1128,WILLIAMSTON,NC,27892,MARTIN,(252) 809-6179,Acute Care Hospitals,Government - Local,TRUE,TRUE,35.83979,-77.07225
340193,CAROLINA CENTER FOR SPECIALTY SURGERY,1822 BRUNSWICK AVE,CHARLOTTE,NC,28207,MECKLENBURG,(704) 831-4410,Acute Care Hospitals,Proprietary,FALSE,FALSE,,
340191,WILMINGTON HEALTH PLLC,1202 MEDICAL CENTER DRIVE,WILMINGTON,NC,28401,NEW HANOVER,(910) 341-3384,Acute Care Hospitals,Proprietary,FALSE,FALSE,,
340144,DAVIS REGIONAL MEDICAL CENTER,218 OLD MOCKSBVILLE RD PO BOX 1823,STATESVILLE,NC,28687,IREDELL,(704) 873-0281,Acute Care Hospitals,Proprietary,TRUE,FALSE,35.81843,-80.82871
420068,TRMC OF ORANGEBURG & CALHOUN,3000 ST MATTHEWS RD BOX 1806,ORANGEBURG,SC,29115,ORANGEBURG,(803) 533-2460,Acute Care Hospitals,Government - Local,TRUE,TRUE,33.54027,-80.83046
424013,THE WILLIAM J MCCORD ADOLESCENT TREATMENT FACILITY,910 COOK ROAD,ORANGEBURG,SC,29118,ORANGEBURG,(803) 534-2328,Psychiatric,Voluntary non-profit - Private,FALSE,FALSE,33.53587,-80.82221
420111,SURGERY CENTER OF CHARLESTON,1849 SAVAGE RD,CHARLESTON,SC,29407,CHARLESTON,(843) 576-0774,Acute Care Hospitals,Proprietary,FALSE,FALSE,,
420117,MUSC HEALTH BLACK RIVER MEDICAL CENTER,3555 WILLIAMSBURG COUNTY HIGHWAY,CADES,SC,29518,WILLIAMSBURG,(843) 792-1414,Acute Care Hospitals,Government - State,,,,
420057,MCLEOD MEDICAL CENTER - DARLINGTON,701 CASHUA FERRY ROAD,DARLINGTON,SC,29540,DARLINGTON,(843) 777-1100,Acute Care Hospitals,Voluntary non-profit - Private,FALSE,TRUE,34.31333,-79.8398
421303,WILLIAMSBURG REGIONAL HOSPITAL,500 NELSON BOULEVARD,KINGSTREE,SC,29556,WILLIAMSBURG,(843) 355-8888,Critical Access Hospitals,Voluntary non-profit - Private,TRUE,FALSE,33.66002,-79.8186
420066,LAKE CITY COMMUNITY HOSPITAL,258 N RON MCNAIR BLVD,LAKE CITY,SC,29560,FLORENCE,(843) 374-2036,Acute Care Hospitals,Voluntary non-profit - Private,TRUE,FALSE,33.88069,-79.76044
420113,SURGERY CENTER OF EDGEWATER,2536 LENGERS WAY,FORT MILL,SC,29707,LANCASTER,(803) 802-8480,Acute Care Hospitals,Proprietary,FALSE,FALSE,,
420112,CENTER FOR COLON AND DIGESTIVE DISEASES LLC,"103 GREGG AVE NW, SUITE 100",AIKEN,SC,29801,AIKEN,(111) 222-3333,Acute Care Hospitals,Proprietary,FALSE,FALSE,,
110238,WINDWARD SURGERY CENTER,12425 MORRIS RD,ALPHARETTA,GA,30005,FULTON,(770) 844-3242,Acute Care Hospitals,Proprietary,FALSE,FALSE,,
110241,SURGICARE GWINNETT LLC,"367 ATHENS HWY, BLD 100 SUITE B",LOGANVILLE,GA,30052,WALTON,(111) 222-3333,Acute Care Hospitals,Proprietary,FALSE,FALSE,,
110239,JOHNS CREEK CENTER FOR PAIN AND SPINE,"6300 HOSPITAL PKWY, STE 425",JOHNS CREEK,GA,30097,GWINNETT,(770) 380-8299,Acute Care Hospitals,Proprietary,FALSE,FALSE,,
110240,GRIFFIN CENTER FOR PAIN AND SPINE,"619 S 8TH ST, SUITE 302",GRIFFIN,GA,30224,SPALDING,(770) 380-8299,Acute Care Hospitals,Proprietary,FALSE,FALSE,,
110115,WELLSTAR ATLANTA MEDICAL CENTER,"303 PARKWAY DRIVE, NE",ATLANTA,GA,30312,FULTON,(404) 265-4000,Acute Care Hospitals,Proprietary,TRUE,TRUE,33.76295,-84.37339
110243,MIDTOWN UROLOGY SURGICAL CENTER,1924 PIEDMONT ROAD NE,ATLANTA,GA,30324,FULTON,(404) 874-5902,Acute Care Hospitals,Proprietary,FALSE,FALSE,,
110189,FANNIN REGIONAL HOSPITAL,2855 OLD HIGHWAY 5 NORTH,BLUE RIDGE,GA,30513,FANNIN,(706) 632-3711,Acute Care Hospitals,Proprietary,TRUE,TRUE,34.91774,-84.37464
111338,BLUE RIDGE MEDICAL CENTER,2855 OLD HIGHWAY 5 NORTH,BLUE RIDGE,GA,30513,FANNIN,(706) 632-3711,Critical Access Hospitals,Voluntary non-profit - Other,TRUE,FALSE,34.91774,-84.37464
110040,NORTHRIDGE MEDICAL CENTER,70 MEDICAL CENTER DRIVE,COMMERCE,GA,30529,JACKSON,(706) 335-1100,Acute Care Hospitals,Government - Hospital District or Authority,TRUE,TRUE,34.2194,-83.46901
110135,TAYLOR REGIONAL HOSPITAL,222 PERRY HWY,HAWKINSVILLE,GA,31036,PULASKI,(478) 783-0200,Acute Care Hospitals,Voluntary non-profit - Private,TRUE,FALSE,32.29785,-83.48512
110256,TAYLOR REGIONAL HOSPITAL,222 PERRY HWY,HAWKINSVILLE,GA,31036,PULASKI,(478) 783-0200,Acute Care Hospitals,Voluntary non-profit - Private,TRUE,FALSE,32.29785,-83.48512
110242,ASSOCIATES SURGERY CENTER,864 FIRST ST,MACON,GA,31201,BIBB,(314) 712-2462,Acute Care Hospitals,Proprietary,FALSE,FALSE,,
110253,SOUTH GEORGIA SPECIALTY HOSPITAL,2000 PALMYRA RD 3RD FLOOR,ALBANY,GA,31701,DOUGHERTY,(706) 392-5556,Acute Care Hospitals,Proprietary,FALSE,FALSE,31.60659,-84.16941
110130,IRWIN COUNTY HOSPITAL,710 N IRWIN AVENUE,OCILLA,GA,31774,IRWIN,(229) 468-3845,Acute Care Hospitals,Government - Hospital District or Authority,FALSE,TRUE,31.60338,-83.251
100102,SHANDS LAKE SHORE REGIONAL MEDICAL CENTER,368 NE FRANKLIN ST,LAKE CITY,FL,32055,COLUMBIA,(386) 292-8000,Acute Care Hospitals,Voluntary non-profit - Private,TRUE,TRUE,30.19313,-82.63276
100331,OUTPATIENT SERVICE PROVIDERS LLC,9726 TOUCHTON RD,JACKSONVILLE,FL,32246,DUVAL,(904) 349-8679,Acute Care Hospitals,Proprietary,FALSE,FALSE,,
100106,DOCTORS MEMORIAL HOSPITAL INC,333 N BYRON BUTLER PKWY,PERRY,FL,32348,TAYLOR,(850) 584-0800,Acute Care Hospitals,Voluntary non-profit - Private,TRUE,FALSE,30.12012,-83.59332
100081,HEALTHMARK REGIONAL MEDICAL CENTER,4413 US HWY 331 S,DEFUNIAK SPRINGS,FL,32435,WALTON,(850) 951-4500,Acute Care Hospitals,Proprietary,TRUE,FALSE,30.65972,-86.11795
100345,"NORTHWEST FLORIDA SURGICAL CENTER, INC.",4600 N DAVIS HWY,PENSACOLA,FL,32520,ESCAMBIA,(636) 980-6500,Acute Care Hospitals,Proprietary,FALSE,FALSE,,
100048,JAY HOSPITAL,14114 ALABAMA ST,JAY,FL,32565,SANTA ROSA,(850) 675-4532,Acute Care Hospitals,Voluntary non-profit - Private,TRUE,TRUE,30.94985,-87.15127
104027,WEST FLORIDA COMMUNITY CARE CENTER,5500 STEWART ST,MILTON,FL,32570,SANTA ROSA,(904) 623-4990,Psychiatric,Government - State,FALSE,FALSE,30.63438,-87.04253
100338,OPEN ACCESS VASCULAR ACCESS CENTER INC,16401 NW 2ND AVE,MIAMI,FL,33169,MIAMI-DADE,(999) 999-9999,Acute Care Hospitals,Proprietary,FALSE,FALSE,,
104085,NEUROBEHAVIORAL HOSPITAL OF THE PALM BEACHES-SOUTH,4905 PARK RIDGE BLVD,BOYNTON BEACH,FL,33426,PALM BEACH,(954) 354-8632,Psychiatric,Voluntary non-profit - Private,FALSE,FALSE,,
100342,JUPITER OUTPATIENT SURGERY CENTER LLC,"2055 NORTH MILITARY TRAIL, SUITE 100",JUPITER,FL,33458,PALM BEACH,(561) 630-5277,Acute Care Hospitals,Proprietary,FALSE,FALSE,,
100343,"SUN CITY CENTER AMBULATORY SURGERY CENTER, LLC",916 CYPRESS VILLAGE BLVD.,RUSKIN,FL,33573,HILLSBOROUGH,(813) 549-2134,Acute Care Hospitals,Proprietary,FALSE,FALSE,,
100344,ARMENIA AMBULATORY SURGICAL CENTER LLC,4703 N ARMENIA AVE,TAMPA,FL,33603,HILLSBOROUGH,(813) 549-2134,Acute Care Hospitals,Proprietary,FALSE,FALSE,,
100339,BIOSPINE LLC,5301 AVION PARK DR,TAMPA,FL,33607,HILLSBOROUGH,(904) 252-5025,Acute Care Hospitals,Proprietary,FALSE,FALSE,,
100341,FLORIDA SPECIALTY SURGERY CENTER LLC,6345 54TH AVE N,SAINT PETERSBURG,FL,33709,PINELLAS,(832) 775-4109,Acute Care Hospitals,Proprietary,FALSE,FALSE,,
100070,VENICE REGIONAL BAYFRONT HEALTH,540 THE RIALTO,VENICE,FL,34285,SARASOTA,(941) 485-7711,Acute Care Hospitals,Proprietary,TRUE,TRUE,27.09116,-82.44509
104087,NORTH PORT BEHAVIORAL HEALTH,4501 CITIZENS PARKWAY,NORTH PORT,FL,34288,SARASOTA,(850) 212-0217,Psychiatric,Proprietary,FALSE,FALSE,,
100332,BLUE WATER SURGERY CENTER,6830 US HIGHWAY 1,PORT ST LUCIE,FL,34952,ST. LUCIE,(772) 519-1501,Acute Care Hospitals,Proprietary,FALSE,FALSE,,
10109,PICKENS COUNTY MEDICAL CENTER,241 ROBERT K WILSON DRIVE,CARROLLTON,AL,35447,PICKENS,(205) 367-8111,Acute Care Hospitals,Government - Local,TRUE,FALSE,33.27448,-88.08864
10069,MEDICAL CENTER BARBOUR,820 W WASHINGTON ST,EUFAULA,AL,36027,BARBOUR,(334) 688-7271,Acute Care Hospitals,Government - Hospital District or Authority,TRUE,FALSE,31.88865,-85.15641
10038,STRINGFELLOW CAMPUS OF NORTHEAST RMC,301 EAST 18TH ST,ANNISTON,AL,36201,CALHOUN,(256) 235-8900,Acute Care Hospitals,Proprietary,TRUE,FALSE,33.66824,-85.82371
14013,LAUREL OAKS BEHAVIORAL HEALTH CENTER,700 EAST COTTONWOOD RD,DOTHAN,AL,36301,HOUSTON,(999) 999-9999,Psychiatric,Voluntary non-profit - Private,FALSE,FALSE,31.20382,-85.3846
10781,J PAUL JONES HOSPITAL,317 MCWILLIAMS AVENUE,CAMDEN,AL,36726,WILCOX,(334) 682-4131,Rural Emergency Hospital,Government - Local,TRUE,FALSE,31.99753,-87.30026
10174,THOMASVILLE REGIONAL MEDICAL CENTER,300 MED PARK DRIVE,THOMASVILLE,AL,36784,CLARKE,(205) 873-1442,Acute Care Hospitals,Voluntary non-profit - Private,TRUE,FALSE,,
10175,EAMC-LANIER,4800 48TH STREET,VALLEY,AL,36854,CHAMBERS,(334) 756-9180,Acute Care Hospitals,Government - Hospital District or Authority,TRUE,FALSE,32.8246,-85.1687
441311,TRISTAR ASHLAND CITY MEDICAL CENTER,313 NORTH MAIN ST,ASHLAND CITY,TN,37015,CHEATHAM,(615) 792-3030,Critical Access Hospitals,Proprietary,TRUE,FALSE,36.27712,-87.06559
440040,PERRY COMMUNITY HOSPITAL,2718 SQUIRREL HOLLOW DRIVE,LINDEN,TN,37096,PERRY,(931) 589-2121,Acute Care Hospitals,Proprietary,TRUE,FALSE,35.59232,-87.86376
440133,SAINT THOMAS MIDTOWN HOSPITAL,2000 CHURCH ST,NASHVILLE,TN,37236,DAVIDSON,(615) 284-5555,Acute Care Hospitals,Voluntary non-profit - Private,TRUE,TRUE,36.15391,-86.80201
440001,UNICOI COUNTY  HOSPITAL,2030 TEMPLE HILL ROAD,ERWIN,TN,37650,UNICOI,(423) 743-3141,Acute Care Hospitals,Voluntary non-profit - Private,TRUE,FALSE,36.13362,-82.41305
440180,"JELLICO MEDICAL CENTER, INC",188 HOSPITAL LANE,JELLICO,TN,37762,CAMPBELL,(423) 784-7252,Acute Care Hospitals,Voluntary non-profit - Private,TRUE,TRUE,36.5737,-84.12854
441324,"JELLICO REGIONAL HOSPITAL, LLC",188 HOSPITAL LANE,JELLICO,TN,37762,CAMPBELL,(423) 455-0245,Critical Access Hospitals,Voluntary non-profit - Private,TRUE,FALSE,36.5737,-84.12854
444028,"BEHAVIORAL HEALTH OF ROCKY TOP, LLC",210 NDUSTRIAL PARK DRIVE,ROCKY TOP,TN,37769,ANDERSON,(865) 630-9200,Psychiatric,Proprietary,FALSE,FALSE,,
440235,BIG SOUTH FORK MEDICAL CENTER,18797 ALBERTA STREET,ONEIDA,TN,37841,SCOTT,(423) 286-5300,Acute Care Hospitals,Proprietary,TRUE,FALSE,36.50442,-84.51586
440239,SELECT SPECIALTY HOSPITAL - WEST TENNESSEE,620 SKYLINE DRIVE 5TH & 6TH FLOORS,JACKSON,TN,38301,MADISON,(731) 737-2500,Acute Care Hospitals,Proprietary,TRUE,FALSE,35.63673,-88.83179
440070,DECATUR COUNTY GENERAL HOSPITAL,969 TENNESSEE AVE S,PARSONS,TN,38363,DECATUR,(731) 847-3031,Acute Care Hospitals,Government - Local,TRUE,FALSE,35.63595,-88.12224
440010,WAYNE MEDICAL CENTER,103 J V MANGUBAT DR,WAYNESBORO,TN,38485,WAYNE,(931) 722-5411,Acute Care Hospitals,Voluntary non-profit - Other,TRUE,FALSE,35.32475,-87.75688
444022,TEN BROECK TENNESSEE,1 MEDICAL CENTER BLVD 5 WEST,COOKEVILLE,TN,38501,PUTNAM,(931) 783-2075,Psychiatric,Proprietary,TRUE,FALSE,36.16933,-85.50876
440236,CUMBERLAND RIVER HOSPITAL,100 OLD JEFFERSON STREET,CELINA,TN,38551,CLAY,(931) 243-3581,Acute Care Hospitals,Proprietary,TRUE,FALSE,36.54413,-85.5005
250128,PANOLA MEDICAL CENTER,303 MEDICAL CENTER DRIVE,BATESVILLE,MS,38606,PANOLA,(662) 563-5611,Acute Care Hospitals,Proprietary,TRUE,FALSE,34.3063,-89.9146
250012,ALLIANCE HEALTHCARE SYSTEM,1430 HIGHWAY 4 EAST / P O BOX 6000,HOLLY SPRINGS,MS,38635,MARSHALL,(662) 252-1212,Acute Care Hospitals,Physician,TRUE,FALSE,34.7871,-89.41666
251314,QUITMAN COUNTY HOSPITAL CAH,340 GETWELL DRIVE,MARKS,MS,38646,QUITMAN,(662) 326-8031,Critical Access Hospitals,Proprietary,TRUE,FALSE,,
250060,JEFFERSON COUNTY HOSPITAL,870 S MAIN,FAYETTE,MS,39069,JEFFERSON,(601) 786-3401,Acute Care Hospitals,Government - Local,TRUE,FALSE,31.70499,-91.06805
250163,PATIENTS CHOICE MEDICAL CENTER OF SMITH COUNTY,347 MAGNOLIA DRIVE,RALEIGH,MS,39153,SMITH,(601) 782-9997,Acute Care Hospitals,Proprietary,FALSE,FALSE,32.00014,-89.51949
250786,SMITH COUNTY  EMERGENCY HOSPITAL,347 MAGNOLIA DRIVE,RALEIGH,MS,39153,SMITH,(601) 765-6711,Rural Emergency Hospital,Government - Local,TRUE,FALSE,,
251338,SHARKEY ISSAQUENA COMMUNITY HOSPITAL,47 SOUTH FOURTH ST,ROLLING FORK,MS,39159,SHARKEY,(662) 873-4395,Critical Access Hospitals,Government - Local,TRUE,FALSE,32.90474,-90.88456
254014,OCEANS BEHAVIORAL HOSPITAL OF JACKSON,"2969 NORTH CURRAN DRIVE, BLDG A",JACKSON,MS,39216,HINDS,(601) 714-8141,Psychiatric,Proprietary,FALSE,FALSE,,
251329,GREENE COUNTY HOSPITAL CAH,1017 JACKSON STREET,LEAKESVILLE,MS,39451,GREENE,(601) 394-4135,Critical Access Hospitals,Government - Local,TRUE,TRUE,31.15399,-88.56278
251306,PERRY COUNTY GENERAL HOSPITAL,206 BAY ST,RICHTON,MS,39476,GREENE,(601) 788-6316,Critical Access Hospitals,Government - Local,TRUE,TRUE,31.34634,-88.93773
111300,SOUTHWEST GEORGIA REGIONAL MEDICAL CENTER,361 RANDOLPH STREET,CUTHBERT,GA,39840,RANDOLPH,(229) 732-2181,Critical Access Hospitals,Government - Hospital District or Authority,TRUE,TRUE,31.77537,-84.79349
180780,FLEMING COUNTY HOSPITAL,55 FOUNDATION DRIVE,FLEMINGSBURG,KY,41041,FLEMING,(606) 849-2351,Rural Emergency Hospital,Voluntary non-profit - Other,TRUE,FALSE,38.42215,-83.75155
180036,OUR LADY OF BELLEFONTE HOSPITAL,1000 SAINT CHRISTOPHER DRIVE,ASHLAND,KY,41101,BOYD,(606) 833-3600,Acute Care Hospitals,Voluntary non-profit - Private,TRUE,FALSE,38.50845,-82.69262
180139,KENTUCKY RIVER MEDICAL CENTER,540 JETT DRIVE,JACKSON,KY,41339,BREATHITT,(606) 666-6000,Acute Care Hospitals,Voluntary non-profit - Other,TRUE,FALSE,37.56589,-83.36962
180155,ARH ADVANCED CARE - BIG SANDY,"260 HOSPITAL DRIVE, SUITE 1 EAST",SOUTH WILLIAMSON,KY,41503,PIKE,(606) 237-4960,Acute Care Hospitals,Voluntary non-profit - Private,FALSE,FALSE,37.67651,-82.29702
180156,ARH ADVANCED CARE - KY RIVER,"102 MEDICAL CENTER DRIVE, SUITE B",HAZARD,KY,41701,PERRY,(606) 487-7980,Acute Care Hospitals,Voluntary non-profit - Private,FALSE,FALSE,,
180095,CRITTENDEN COMMUNITY HOSPITAL,520 WEST GUM STREET,MARION,KY,42064,CRITTENDEN,(270) 965-1001,Acute Care Hospitals,Government - Local,TRUE,TRUE,37.32921,-88.09258
184013,RIVERVALLEY BEHAVIORAL HEALTH HOSPITAL,1000 INDUSTRIAL DRIVE,OWENSBORO,KY,42302,DAVIESS,(270) 689-6800,Psychiatric,Voluntary non-profit - Private,FALSE,FALSE,37.78487,-87.15764
180106,THE MEDICAL CENTER AT ALBANY,723 BURKESVILLE ROAD,ALBANY,KY,42602,CLINTON,(606) 387-3651,Acute Care Hospitals,Voluntary non-profit - Private,TRUE,TRUE,36.69819,-85.14755
360375,MOUNT CARMEL DUBLIN,4105 EMERALD PKWY,DUBLIN,OH,43016,FRANKLIN,(380) 898-9000,Acute Care Hospitals,Voluntary non-profit - Church,TRUE,FALSE,,
360369,WHITE FENCE SURGICAL SUITES,"7272 SMITH'S MILL ROAD, SUITE 300",NEW ALBANY,OH,43054,FRANKLIN,(614) 289-6282,Acute Care Hospitals,Proprietary,FALSE,FALSE,,
360371,OHIO ORTHOPEDIC SURGERY INSTITUTE,4605 SAWMILL ROAD,COLUMBUS,OH,43220,FRANKLIN,(614) 827-8777,Acute Care Hospitals,Proprietary,FALSE,FALSE,,
364045,TORII BEHAVIORAL HEALTH,765 PIERCE DRIVE,COLUMBUS,OH,43223,FRANKLIN,(614) 223-1650,Psychiatric,Proprietary,FALSE,FALSE,39.9467,-83.01818
360247,"WOODS AT PARKSIDE,THE",349 OLDE RIDENOUR ROAD,COLUMBUS,OH,43230,FRANKLIN,(614) 471-2552,Acute Care Hospitals,Proprietary,FALSE,FALSE,40.02714,-82.88184
361301,COMMUNITY MEMORIAL HOSPITAL,208 N COLUMBUS ST,HICKSVILLE,OH,43526,DEFIANCE,(419) 542-6692,Critical Access Hospitals,Government - Hospital District or Authority,TRUE,FALSE,41.30179,-84.7559
360090,ST LUKE'S HOSPITAL,5901 MONCLOVA ROAD,MAUMEE,OH,43537,LUCAS,(419) 893-5903,Acute Care Hospitals,Voluntary non-profit - Other,TRUE,TRUE,41.55731,-83.68291
360373,"NATIONWIDE CHILDREN�S HOSPITAL TOLEDO, LLC",2213 CHERRY STREET,TOLEDO,OH,43608,LUCAS,(419) 251-3232,Acute Care Hospitals,Voluntary non-profit - Private,FALSE,FALSE,41.66867,-83.54279
360081,MERCY HEALTH - ST CHARLES HOSPITAL,2600 NAVARRE AVENUE,OREGON,OH,43616,LUCAS,(419) 696-7200,Acute Care Hospitals,Voluntary non-profit - Church,TRUE,TRUE,41.63512,-83.48523
360262,MERCY ST ANNE HOSPITAL,3404 SYLVANIA AVENUE,TOLEDO,OH,43623,LUCAS,(419) 407-2663,Acute Care Hospitals,Voluntary non-profit - Church,TRUE,TRUE,41.6936,-83.62568
364027,CAMBRIDGE BEHAVIORAL HOSPITAL,66755 STATE STREET,CAMBRIDGE,OH,43725,GUERNSEY,(740) 432-4906,Psychiatric,Proprietary,TRUE,FALSE,40.0669,-81.58206
360192,UH GEAUGA MEDICAL CENTER,13207 RAVENNA RD,CHARDON,OH,44024,GEAUGA,(440) 285-6246,Acute Care Hospitals,Voluntary non-profit - Private,TRUE,TRUE,41.50926,-81.18909
360037,ST VINCENT CHARITY MEDICAL CENTER,2351 EAST 22ND STREET,CLEVELAND,OH,44115,CUYAHOGA,(216) 241-5830,Acute Care Hospitals,Voluntary non-profit - Private,TRUE,TRUE,41.49585,-81.67311
360370,CLEVELAND EAST VASCULAR CARE LLC,23650 COMMERCE PARK SUITE A,BEACHWOOD,OH,44122,CUYAHOGA,(216) 273-8010,Acute Care Hospitals,Proprietary,FALSE,FALSE,,
360362,TRIHEALTH EVENDALE HOSPITAL,3155 GLENDALE MILFORD ROAD,CINCINNATI,OH,45241,HAMILTON,(513) 454-2222,Acute Care Hospitals,Voluntary non-profit - Private,FALSE,TRUE,39.25149,-84.42041
360044,WAYNE HOSPITAL,835 SWEITZER STREET,GREENVILLE,OH,45331,DARKE,(937) 569-6722,Acute Care Hospitals,Voluntary non-profit - Private,TRUE,TRUE,40.08929,-84.63474
361335,WAYNE HOSPITAL,835 SWEITZER ST,GREENVILLE,OH,45331,DARKE,(937) 548-1141,Critical Access Hospitals,Voluntary non-profit - Private,TRUE,TRUE,40.08929,-84.63474
360261,THREE GABLES SURGERY CENTER,5897 COUNTY ROAD 107,PROCTORVILLE,OH,45669,LAWRENCE,(740) 886-9911,Acute Care Hospitals,Proprietary,FALSE,FALSE,38.44179,-82.39298
154068,MEDICAL BEHAVIORAL HOSPITAL OF INDIANAPOLIS,1167 WILSON DR,GREENWOOD,IN,46143,JOHNSON,(844) 457-5300,Psychiatric,Proprietary,FALSE,FALSE,,
150186,INDIANA KIDNEY INSTITUTE,1420 N SENATE AVE SUITE A,INDIANAPOLIS,IN,46202,MARION,(317) 634-0920,Acute Care Hospitals,Proprietary,FALSE,FALSE,,
150004,FRANCISCAN HEALTH HAMMOND,5454 HOHMAN AVE,HAMMOND,IN,46320,LAKE,(219) 932-2300,Acute Care Hospitals,Voluntary non-profit - Church,TRUE,TRUE,41.61511,-87.52399
150190,INTERVENTIONAL PAIN MANAGEMENT LLC,1924 45TH ST,MUNSTER,IN,46321,LAKE,(219) 476-7246,Acute Care Hospitals,Proprietary,FALSE,FALSE,,
150189,INTERVENTIONAL PAIN MANAGEMENT-HOBART,"201 MAIN ST, SUITE A",HOBART,IN,46342,LAKE,(219) 326-7246,Acute Care Hospitals,Proprietary,FALSE,FALSE,,
150188,INTERVENTIONAL PAIN MANAGEMENT LLC,208 LEGACY PLAZA WEST,LA PORTE,IN,46350,LAPORTE,(123) 456-7891,Acute Care Hospitals,Proprietary,FALSE,FALSE,,
150191,"FRANCISCAN BEACON HOSPITAL, LLC",1010 W SR 2,LA PORTE,IN,46350,LA PORTE,(219) 575-6700,Acute Care Hospitals,Voluntary non-profit - Private,TRUE,FALSE,,
150187,INTERVENTIONAL PAIN MANAGEMENT LLC,2205 ROOSEVELT RD,VALPARAISO,IN,46383,PORTER,(219) 326-7246,Acute Care Hospitals,Proprietary,FALSE,FALSE,,
150029,ST JOSEPH REGIONAL MEDICAL CENTER MISHAWAKA CAMPUS,215 WEST  FOURTH ST,MISHAWAKA,IN,46544,ST. JOSEPH,(574) 259-2431,Acute Care Hospitals,Voluntary non-profit - Church,TRUE,FALSE,,
15002F,VA N. INDIANA HEALTHCARE SYSTEM - FT. WAYNE,2121 LAKE AVENUE,FORT WAYNE,IN,46805,ALLEN,(260) 426-5431,Acute Care - Veterans Administration,Veterans Health Administration,TRUE,FALSE,41.09079,-85.10952
154053,MERIDIAN SERVICES CORP,2401 W UNIVERSITY AVE,MUNCIE,IN,47303,DELAWARE,(765) 751-5377,Psychiatric,Voluntary non-profit - Private,FALSE,FALSE,40.19678,-85.41481
151302,INDIANA UNIVERSITY HEALTH BLACKFORD HOSPITAL,410 PILGRIM BLVD,HARTFORD CITY,IN,47348,BLACKFORD,(765) 348-0300,Critical Access Hospitals,Voluntary non-profit - Private,TRUE,TRUE,40.46795,-85.37272
151335,ASCENSION ST VINCENT DUNN,1600 23RD ST,BEDFORD,IN,47421,LAWRENCE,(812) 275-3331,Critical Access Hospitals,Voluntary non-profit - Private,TRUE,TRUE,38.85287,-86.49396
154072,MISSION BEHAVIORAL HEALTH HOSPITAL,1880 MEDICAL ARTS DRIVE,HUNTINGBURG,IN,47542,DUBOIS,(574) 339-3024,Psychiatric,Proprietary,FALSE,FALSE,,
230118,MCLAREN THUMB REGION,1100 S VAN DYKE RD,BAD AXE,MI,48413,HURON,(989) 269-9521,Acute Care Hospitals,Voluntary non-profit - Private,TRUE,TRUE,43.80321,-83.03213
23009F,SAGINAW VA MEDICAL CENTER,1500 WEISS STREET,SAGINAW,MI,48602,SAGINAW,(989) 497-2500,Acute Care - Veterans Administration,Veterans Health Administration,FALSE,FALSE,43.4448,-83.96202
231317,SPECTRUM HEALTH KELSEY HOSPITAL,418 WASHINGTON,LAKEVIEW,MI,48850,MONTCALM,(989) 352-7211,Critical Access Hospitals,Voluntary non-profit - Private,TRUE,TRUE,43.44122,-85.27792
234047,KALAMAZOO BEHAVIORAL HEALTH HOSPITAL,5802 S 9TH ST,KALAMAZOO,MI,49009,KALAMAZOO,(574) 277-2630,Psychiatric,Proprietary,FALSE,FALSE,,
230085,BRONSON SOUTH HAVEN HOSPITAL,955 S BAILEY AVE,SOUTH HAVEN,MI,49090,VAN BUREN,(269) 637-5271,Acute Care Hospitals,Government - Hospital District or Authority,TRUE,FALSE,42.39132,-86.26287
230096,STURGIS HOSPITAL,916 MYRTLE AVE,STURGIS,MI,49091,ST. JOSEPH,(269) 651-7824,Acute Care Hospitals,Government - Local,TRUE,TRUE,41.79463,-85.40756
231334,PROMEDICA HERRICK HOSPITAL,500 E POTTAWATAMIE STREET,TECUMSEH,MI,49286,LENAWEE,(517) 424-3000,Critical Access Hospitals,Government - Federal,TRUE,TRUE,42.00259,-83.93782
231309,ASPIRUS ONTONAGON HOSPITAL INC,601 S SEVENTH ST,ONTONAGON,MI,49953,ONTONAGON,(906) 884-8000,Critical Access Hospitals,Government - Local,TRUE,TRUE,46.8656,-89.30166
161300,MERCYONE PRIMGHAR MEDICAL CENTER,255 N WELCH AVENUE,PRIMGHAR,IA,51245,OBRIEN,(712) 957-2300,Critical Access Hospitals,Voluntary non-profit - Private,TRUE,FALSE,43.08883,-95.62368
160005,ST ANTHONY REGIONAL HOSPITAL & NURSING HOME,311 SOUTH CLARK STREET,CARROLL,IA,51401,CARROLL,(712) 792-3581,Acute Care Hospitals,Voluntary non-profit - Church,TRUE,TRUE,42.0565,-94.86707
160122,FORT MADISON COMMUNITY HOSPITAL,5445 AVE O,FORT MADISON,IA,52627,LEE,(319) 372-6530,Acute Care Hospitals,Voluntary non-profit - Private,TRUE,TRUE,40.62581,-91.38431
160008,BLESSING HEALTH KEOKUK,1600 MORGAN STREET,KEOKUK,IA,52632,LEE,(319) 524-7150,Acute Care Hospitals,Voluntary non-profit - Private,TRUE,TRUE,40.40694,-91.38705
520027,ASCENSION COLUMBIA ST MARY'S HOSPITAL OZAUKEE,13111 N PORT WASHINGTON RD,MEQUON,WI,53097,OZAUKEE,(414) 585-1374,Acute Care Hospitals,Voluntary non-profit - Church,TRUE,TRUE,43.25598,-87.92622
524001,MILWAUKEE COUNTY BEHAVIORAL HEALTH DIVISION,9455 W WATERTOWN PLANK RD,MILWAUKEE,WI,53226,MILWAUKEE,(414) 257-5202,Psychiatric,Voluntary non-profit - Private,TRUE,FALSE,43.04304,-88.03026
520013,SACRED HEART HOSPITAL,900 W CLAIREMONT AVE,EAU CLAIRE,WI,54701,EAU CLAIRE,(715) 717-4121,Acute Care Hospitals,Voluntary non-profit - Church,TRUE,TRUE,44.79447,-91.51067
520017,ST JOSEPH'S HOSPITAL,2661 COUNTY HWY I,CHIPPEWA FALLS,WI,54729,CHIPPEWA,(715) 717-7200,Acute Care Hospitals,Voluntary non-profit - Church,TRUE,TRUE,44.95062,-91.35983
240059,REGINA HOSPITAL,1175 NININGER ROAD,HASTINGS,MN,55033,DAKOTA,(651) 480-1000,Acute Care Hospitals,Voluntary non-profit - Church,TRUE,TRUE,44.74725,-92.87328
240063,ST JOSEPH'S HOSPITAL,45 WEST 10TH STREET,SAINT PAUL,MN,55102,RAMSEY,(651) 232-2725,Acute Care Hospitals,Voluntary non-profit - Private,FALSE,TRUE,44.94855,-93.0999
244016,PRAIRIECARE,9400 ZANE AVENUE NORTH,BROOKLYN PARK,MN,55443,HENNEPIN,(763) 762-6805,Psychiatric,Proprietary,FALSE,FALSE,,
241300,MAHNOMEN HEALTH CENTER,414 W JEFFERSON PO BOX 396,MAHNOMEN,MN,56557,MAHNOMEN,(218) 935-2511,Critical Access Hospitals,Government - Local,TRUE,TRUE,47.31175,-95.97285
430779,LANDMANN JUNGMAN MEMORIAL HOSPITAL CORPORATION,600 BILLARS ST,SCOTLAND,SD,57059,BON HOMME,(605) 583-2226,Rural Emergency Hospital,Voluntary non-profit - Private,TRUE,FALSE,43.14904,-97.72905
430013,AVERA QUEEN OF PEACE,525 N FOSTER,MITCHELL,SD,57301,DAVISON,(605) 995-2000,Acute Care Hospitals,Voluntary non-profit - Private,TRUE,TRUE,43.71434,-98.00802
430083,PHS INDIAN HOSPITAL AT EAGLE BUTTE,24276 166TH AIRPORT ROAD,EAGLE BUTTE,SD,57625,DEWEY,(605) 964-3005,Acute Care Hospitals,Government - Federal,TRUE,FALSE,,
43003F,VA BLACK HILLS HEALTHCARE SYSTEM - HOT SPRINGS,500 NORTH 5TH STREET,HOT SPRINGS,SD,57747,FALL RIVER,(605) 745-2000,Acute Care - Veterans Administration,Veterans Health Administration,FALSE,FALSE,43.43675,-103.47618
354005,RED RIVER BEHAVIORAL HEALTH SYSTEM,1451 44TH AVENUE S,GRAND FORKS,ND,58201,GRAND FORKS,(701) 772-2500,Psychiatric,Proprietary,FALSE,FALSE,47.87786,-97.04697
350064,STANDING ROCK INDIAN HEALTH SERVICE HOSPITAL,10 NORTH RIVER ROAD,FORT YATES,ND,58538,SIOUX,(701) 854-3831,Acute Care Hospitals,Government - Federal,TRUE,FALSE,46.09516,-100.62813
270032,NORTHERN MONTANA HOSPITAL,30 13TH ST,HAVRE,MT,59501,HILL,(406) 265-2211,Acute Care Hospitals,Voluntary non-profit - Private,TRUE,TRUE,48.53808,-109.68582
274086,MONTANA STATE HOSPITAL,100 GARNET WAY,WARM SPRINGS,MT,59756,DEER LODGE,(406) 693-7000,Psychiatric,Government - State,FALSE,FALSE,46.18082,-112.79087
270087,THE HEALTHCENTER,320 SUNNYVIEW LANE,KALISPELL,MT,59901,FLATHEAD,(406) 756-4720,Acute Care Hospitals,Proprietary,FALSE,TRUE,48.21517,-114.32327
140033,LAKE BEHAVIORAL HOSPITAL,2615 W WASHINGTON ST,WAUKEGAN,IL,60085,LAKE,(847) 249-3900,Acute Care Hospitals,Proprietary,TRUE,FALSE,42.35843,-87.86665
140240,WESTLAKE HOSPITAL,1225 LAKE ST,MELROSE PARK,IL,60160,COOK,(708) 938-4000,Acute Care Hospitals,Voluntary non-profit - Other,TRUE,FALSE,41.89296,-87.84849
140250,ADVOCATE SOUTH SUBURBAN HOSPITAL,17800 S KEDZIE AVE,HAZEL CREST,IL,60429,COOK,(708) 799-8000,Acute Care Hospitals,Voluntary non-profit - Church,TRUE,TRUE,41.5663,-87.69757
140310,"RUSH SPECIALTY HOSPITAL, LLC",516 S LOOMIS ST,CHICAGO,IL,60607,COOK,(872) 298-9199,Acute Care Hospitals,Proprietary,FALSE,FALSE,,
140167,IROQUOIS MEMORIAL HOSPITAL,200 FAIRMAN STREET,WATSEKA,IL,60970,IROQUOIS,(815) 432-5201,Acute Care Hospitals,Voluntary non-profit - Private,TRUE,TRUE,40.7656,-87.73252
140234,ST MARGARET'S HEALTH - PERU,925 WEST ST,PERU,IL,61354,LA SALLE,(815) 223-3300,Acute Care Hospitals,Voluntary non-profit - Church,TRUE,TRUE,41.32887,-89.12433
140143,ST MARGARETS HOSPITAL,600 E 1ST ST,SPRING VALLEY,IL,61362,BUREAU,(815) 664-5311,Acute Care Hospitals,Voluntary non-profit - Private,TRUE,TRUE,41.32874,-89.19312
140040,GALESBURG COTTAGE HOSPITAL,695 N KELLOGG ST,GALESBURG,IL,61401,KNOX,(309) 343-8131,Acute Care Hospitals,Proprietary,TRUE,FALSE,40.9558,-90.36576
140307,MEMORIAL HOSPITAL EAST,1404 CROSS STREET,SHILOH,IL,62269,ST. CLAIR,(618) 607-1000,Acute Care Hospitals,Voluntary non-profit - Private,TRUE,TRUE,38.57369,-89.90543
140147,CARLE RICHLAND MEMORIAL HOSPITAL,800 EAST LOCUST STREET,OLNEY,IL,62450,RICHLAND,(618) 395-2131,Acute Care Hospitals,Voluntary non-profit - Private,TRUE,TRUE,38.73654,-88.07717
140019,HSHS GOOD SHEPHERD HOSPITAL,200 S CEDAR ST,SHELBYVILLE,IL,62565,SHELBY,(217) 774-3961,Acute Care Hospitals,Voluntary non-profit - Private,TRUE,TRUE,39.40578,-88.80795
140058,PASSAVANT AREA HOSPITAL,1600 W WALNUT ST,JACKSONVILLE,IL,62650,MORGAN,(217) 245-9551,Acute Care Hospitals,Voluntary non-profit - Private,TRUE,TRUE,39.74608,-90.26049
264025,METROPOLITAN ST LOUIS PSYCHIATRIC CTR,5351 DELMAR BOULEVARD,SAINT LOUIS,MO,63112,ST. LOUIS CITY,(314) 877-0500,Psychiatric,Government - State,FALSE,FALSE,38.65401,-90.2763
260210,SOUTH CITY HOSPITAL,3933 S BROADWAY,SAINT LOUIS,MO,63118,ST. LOUIS CITY,(314) 865-7000,Acute Care Hospitals,Proprietary,TRUE,FALSE,38.58353,-90.22861
261315,PARKLAND HEALTH CENTER - BONNE TERRE,7245 RAIDER ROAD,BONNE TERRE,MO,63628,ST. FRANCOIS,(573) 358-1400,Critical Access Hospitals,Voluntary non-profit - Private,TRUE,FALSE,37.90806,-90.52436
264030,SIGNATURE PSYCHIATRIC HOSPITAL,2900 CLAY EDWARDS DRIVE,NORTH KANSAS CITY,MO,64116,CLAY,(816) 691-5101,Psychiatric,Proprietary,FALSE,FALSE,39.15135,-94.55183
260050,MOSAIC MEDICAL CENTER - MARYVILLE,2016 SOUTH MAIN ST,MARYVILLE,MO,64468,NODAWAY,(660) 562-2600,Acute Care Hospitals,Voluntary non-profit - Church,TRUE,TRUE,40.32628,-94.87639
260047,CAPITAL REGION MEDICAL CENTER,1125 MADISON ST,JEFFERSON CITY,MO,65102,COLE,(573) 632-5000,Acute Care Hospitals,Voluntary non-profit - Private,TRUE,TRUE,38.56579,-92.18179
260004,COOPER COUNTY COMMUNITY  HOSPITAL,17651 B HWY,BOONVILLE,MO,65233,COOPER,(660) 882-4100,Acute Care Hospitals,Voluntary non-profit - Other,TRUE,FALSE,38.94416,-92.74072
260209,NOBLE HEALTH CALLAWAY COMMUNITY HOSPITAL,10 SOUTH HOSPITAL DRIVE,FULTON,MO,65251,CALLAWAY,(573) 642-3376,Acute Care Hospitals,Voluntary non-profit - Private,TRUE,FALSE,38.84344,-91.9659
260064,NOBLE HEALTH AUDRAIN COMMUNITY HOSPITAL,620 E MONROE,MEXICO,MO,65265,AUDRAIN,(573) 582-5000,Acute Care Hospitals,Voluntary non-profit - Private,TRUE,FALSE,39.17229,-91.87761
261334,I-70 COMMUNITY HOSPITAL,"105 HOSPITAL DRIVE, BUILDING B",SWEET SPRINGS,MO,65351,SALINE,(660) 335-4700,Critical Access Hospitals,Proprietary,TRUE,FALSE,38.97871,-93.41663
170133,SAINT LUKE'S CUSHING HOSPITAL,711 MARSHALL STREET,LEAVENWORTH,KS,66048,LEAVENWORTH,(913) 684-1100,Acute Care Hospitals,Voluntary non-profit - Private,TRUE,TRUE,39.30731,-94.91835
17006F,VA EASTERN KANSAS HEALTHCARE SYSTEM - LEAVENWORTH,4101 S. 4TH STREET,LEAVENWORTH,KS,66048,LEAVENWORTH,(913) 682-2000,Acute Care - Veterans Administration,Veterans Health Administration,TRUE,FALSE,,
174024,"ST ANTHONY'S SENIOR CARE HOSPITAL OLATHE, LLC","14200 WEST 134TH PLACE, SUITE 400",OLATHE,KS,66062,JOHNSON,(913) 738-8280,Psychiatric,Proprietary,FALSE,FALSE,,
170201,"PINNACLE REGIONAL HOSPITAL, INC",12850 METCALF AVENUE,OVERLAND PARK,KS,66213,JOHNSON,(913) 220-2866,Acute Care Hospitals,Proprietary,FALSE,FALSE,38.89629,-94.66913
174025,"ANEW HEALTH, LLC",6815 HILLTOP ROAD,SHAWNEE,KS,66266,JOHNSON,(913) 363-9700,Not Available,Not Available,TRUE,FALSE,,
174021,"FREEDOM BEHAVIORAL HOSPITAL OF TOPEKA, LLC",1334 SW BUCHANAN STREET,TOPEKA,KS,66604,SHAWNEE,(785) 235-1294,Psychiatric,Proprietary,FALSE,FALSE,39.04122,-95.69264
170150,SOUTH CENTRAL KS  MED CENTER,6401 PATTERSON PARKWAY,ARKANSAS CITY,KS,67005,COWLEY,(620) 442-2500,Acute Care Hospitals,Government - Local,TRUE,TRUE,37.133,-97.0385
170075,"MERCY HOSPITAL, INC",218 E PACK STREET,MOUNDRIDGE,KS,67107,MCPHERSON,(620) 345-6391,Acute Care Hospitals,Voluntary non-profit - Church,TRUE,TRUE,38.20528,-97.51689
170039,SUMNER COMMUNITY HOSPITAL,1323 NORTH A STREET,WELLINGTON,KS,67152,SUMNER,(620) 326-7451,Acute Care Hospitals,Government - Local,TRUE,TRUE,37.27865,-97.39298
174023,"ST ANTHONY'S SENIOR CARE HOSPITAL, LLC",2114 N. 127TH COURT EAST,WICHITA,KS,67206,SEDGWICK,(316) 448-0850,Psychiatric,Proprietary,FALSE,FALSE,,
170145,"COFFEYVILLE REGIONAL MEDICAL CENTER, INC",1400 W 4TH ST,COFFEYVILLE,KS,67337,MONTGOMERY,(620) 251-1200,Acute Care Hospitals,Government - Local,TRUE,TRUE,37.04099,-95.63943
171340,HERINGTON HOSPITAL,100 E HELEN STREET,HERINGTON,KS,67449,DICKINSON,(785) 258-2207,Critical Access Hospitals,Voluntary non-profit - Private,TRUE,FALSE,38.6801,-96.94227
171342,RUSH COUNTY MEMORIAL HOSPITAL,801 LOCUST ST,LA CROSSE,KS,67548,RUSH,(785) 222-2545,Critical Access Hospitals,Government - Local,FALSE,FALSE,38.53054,-99.31703
170110,BOB WILSON MEMORIAL GRANT COUNTY HOSPITAL,415 N MAIN STREET,ULYSSES,KS,67880,GRANT,(620) 356-1266,Acute Care Hospitals,Proprietary,FALSE,FALSE,37.58467,-101.35867
170166,MORTON COUNTY HOSPITAL,445 N HILLTOP,ELKHART,KS,67950,MORTON,(620) 697-2141,Acute Care Hospitals,Government - Local,TRUE,FALSE,37.00178,-101.90533
281321,MERCYONE OAKLAND MEDICAL CENTER,601 EAST SECOND ST,OAKLAND,NE,68045,BURT,(402) 685-5601,Critical Access Hospitals,Voluntary non-profit - Private,TRUE,TRUE,41.83485,-96.45918
281330,WARREN MEMORIAL HOSPITAL,905 SECOND STREET,FRIEND,NE,68359,SALINE,(402) 947-2541,Critical Access Hospitals,Government - Local,TRUE,FALSE,40.65346,-97.28165
280138,HEARTLAND SURGERY CENTER,3515 30TH AVENUE,KEARNEY,NE,68845,BUFFALO,(308) 865-2670,Acute Care Hospitals,Proprietary,FALSE,FALSE,,
190146,EAST JEFFERSON GENERAL HOSPITAL,4200 HOUMA BLVD,METAIRIE,LA,70006,JEFFERSON,(504) 454-4000,Acute Care Hospitals,Voluntary non-profit - Private,TRUE,TRUE,30.01304,-90.18098
194100,SEASIDE BEHAVIORAL CENTER,"3601 COLISEUM ST., 6TH FLOOR",NEW ORLEANS,LA,70115,ORLEANS,(504) 393-4223,Psychiatric,Proprietary,FALSE,FALSE,29.92491,-90.09313
191303,ASSUMPTION COMMUNITY HOSPITAL,135 HIGHWAY 402,NAPOLEONVILLE,LA,70390,ASSUMPTION,(985) 369-3600,Critical Access Hospitals,Voluntary non-profit - Private,TRUE,TRUE,29.95961,-91.03914
190314,SOUTHEAST REGIONAL MEDICAL CENTER,719 AVENUE G,KENTWOOD,LA,70444,TANGIPAHOA,(985) 229-9193,Acute Care Hospitals,Voluntary non-profit - Private,FALSE,FALSE,30.93713,-90.51925
190204,"OCHSNER MEDICAL CENTER - NORTHSHORE, L L C",100 MEDICAL CENTER DRIVE,SLIDELL,LA,70461,ST. TAMMANY,(985) 646-5000,Acute Care Hospitals,Voluntary non-profit - Private,TRUE,TRUE,30.28719,-89.74266
190315,AVAIL HOSPITAL LAKE CHARLES,3730 NELSON ROAD,LAKE CHARLES,LA,70605,CALCASIEU,(337) 656-7700,Acute Care Hospitals,Proprietary,TRUE,FALSE,,
190307,SOUTH CAMERON MEMORIAL HOSPITAL,5360 WEST CREOLE HWY,CAMERON,LA,70631,CAMERON,(337) 542-4111,Acute Care Hospitals,Proprietary,TRUE,FALSE,29.80808,-93.16568
193301,SHRINERS HOSPITALS FOR CHILDREN,3100 SAMFORD AVENUE,SHREVEPORT,LA,71103,CADDO,(318) 222-5704,Childrens,Voluntary non-profit - Private,FALSE,FALSE,32.48106,-93.75758
190081,WEST CARROLL MEMORIAL HOSPITAL,706 ROSS STREET,OAK GROVE,LA,71263,WEST CARROLL,(318) 428-3237,Acute Care Hospitals,Proprietary,TRUE,TRUE,32.8683,-91.38238
194121,FREEDOM BEHAVIORAL HOSPITAL OF LEESVILLE,1103 PORT ARTHUR TERRACE,LEESVILLE,LA,71446,VERNON,(337) 509-4003,Psychiatric,Proprietary,FALSE,FALSE,,
41335,SOUTHWEST REGIONAL MEDICAL CENTER LLC,2001 SOUTH MAIN,HOPE,AR,71801,HEMPSTEAD,(870) 722-3800,Critical Access Hospitals,Proprietary,TRUE,FALSE,33.64818,-93.58442
40162,SEVIER COUNTY MEDICAL CENTER,960 HWY 71 N,DE QUEEN,AR,71832,SEVIER,(870) 642-6420,Acute Care Hospitals,Government - Local,TRUE,FALSE,,
40015,MENA REGIONAL HEALTH SYSTEM,311 NORTH MORROW STREET,MENA,AR,71953,POLK,(479) 394-6100,Acute Care Hospitals,Voluntary non-profit - Other,TRUE,TRUE,34.58905,-94.22163
41314,"DEWITT HOSPITAL & NURSING HOME, INC",1641 WHITEHEAD DRIVE,DE WITT,AR,72042,ARKANSAS,(870) 946-3571,Critical Access Hospitals,Voluntary non-profit - Private,TRUE,TRUE,34.27979,-91.33823
40074,NORTH METRO MEDICAL CENTER,1400 BRADEN STREET,JACKSONVILLE,AR,72076,PULASKI,(501) 985-7000,Acute Care Hospitals,Proprietary,TRUE,FALSE,34.87317,-92.12548
40163,UNITY HEALTH NEWPORT,1205 MCLAIN STREET,NEWPORT,AR,72112,JACKSON,(870) 523-8911,Acute Care Hospitals,Voluntary non-profit - Private,TRUE,FALSE,35.60857,-91.26506
40158,LEGACY SURGERY CENTER,"5800 WEST TENTH STREET, SUITE 206",LITTLE ROCK,AR,72204,PULASKI,(501) 661-0071,Acute Care Hospitals,Voluntary non-profit - Other,FALSE,FALSE,,
40157,"CENTERVIEW SURGERY CENTER, LLC",1310 CENTERVIEW DRIVE,LITTLE ROCK,AR,72211,PULASKI,(501) 410-1127,Acute Care Hospitals,Proprietary,FALSE,FALSE,,
40085,HELENA REGIONAL MEDICAL CENTER,1801 MARTIN LUTHER KING JR DRIVE,HELENA,AR,72342,PHILLIPS,(870) 338-5800,Acute Care Hospitals,Proprietary,TRUE,TRUE,34.51029,-90.6271
41316,SOUTH MISSISSIPPI COUNTY REGIONAL MEDICAL CENTER,611 WEST LEE AVENUE,OSCEOLA,AR,72370,MISSISSIPPI,(870) 563-7000,Critical Access Hospitals,Government - Local,TRUE,TRUE,35.69971,-89.97557
40047,FIVE RIVERS MEDICAL CENTER,2801 MEDICAL CENTER DRIVE,POCAHONTAS,AR,72455,RANDOLPH,(870) 892-6000,Acute Care Hospitals,Government - Local,TRUE,TRUE,36.28976,-90.99739
41304,EUREKA SPRINGS HOSPITAL COMMISSION,24 NORRIS STREET,EUREKA SPRINGS,AR,72632,CARROLL,(479) 253-7400,Critical Access Hospitals,Voluntary non-profit - Private,TRUE,TRUE,36.40016,-93.74424
40152,NORTHWEST HEALTH PHYSICIANS SPECIALTY HOSPITAL,3873 NORTH PARKVIEW DRIVE,FAYETTEVILLE,AR,72703,WASHINGTON,(479) 571-7002,Acute Care Hospitals,Proprietary,TRUE,FALSE,36.12133,-94.13404
370139,STILLWATER MEDICAL - PERRY,501 N 14TH ST,PERRY,OK,73077,NOBLE,(580) 336-3541,Acute Care Hospitals,Government - Hospital District or Authority,TRUE,TRUE,36.28839,-97.2995
370029,ALLIANCEHEALTH CLINTON,100 NORTH 30TH STREET,CLINTON,OK,73601,CUSTER,(580) 323-2363,Acute Care Hospitals,Voluntary non-profit - Other,TRUE,TRUE,35.51471,-98.99777
370153,ELKVIEW GENERAL HOSPITAL,429 WEST ELM STREET,HOBART,OK,73651,KIOWA,(580) 726-3324,Acute Care Hospitals,Government - Hospital District or Authority,TRUE,FALSE,35.03778,-99.09861
371324,HARPER COUNTY COMMUNITY HOSPITAL,1003 US HIGHWAY 64 NORTH,BUFFALO,OK,73834,HARPER,(580) 735-2555,Critical Access Hospitals,Government - Local,TRUE,TRUE,36.84207,-99.62975
370041,BRISTOW ENDEAVOR HEALTHCARE DBA CENTER FOR ORTHOPAEDIC RECONSTRUCTION AND EXCELLENCE,3029 WEST MAIN STREET,JENKS,OK,74037,TULSA,(918) 701-2300,Acute Care Hospitals,Government - Hospital District or Authority,TRUE,TRUE,35.83403,-96.40144
370190,"SOUTHWESTERN REGIONAL MEDICAL CENTER, LLC",10109 EAST 79TH STREET,TULSA,OK,74133,TULSA,(918) 286-5000,Acute Care Hospitals,Proprietary,TRUE,TRUE,36.05119,-95.86348
374017,WILLOW CREST HOSPITAL,130 A STREET SOUTHWEST,MIAMI,OK,74354,OTTAWA,(918) 542-1836,Psychiatric,Proprietary,FALSE,FALSE,36.87248,-94.87906
370030,STILLWATER MEDICAL-BLACKWELL,710 S 13TH STREET,BLACKWELL,OK,74631,KAY,(580) 363-2311,Acute Care Hospitals,Government - Hospital District or Authority,TRUE,TRUE,36.79804,-97.29999
370229,ALLIANCEHEALTH SEMINOLE,2401 WRANGLER BOULEVARD,SEMINOLE,OK,74868,SEMINOLE,(405) 303-4000,Acute Care Hospitals,Voluntary non-profit - Private,TRUE,FALSE,35.24497,-96.69841
670340,METHODIST CELINA MEDICAL CENTER,1500 S DALLAS PARKWAY,CELINA,TX,75009,COLLIN,(214) 947-6452,Acute Care Hospitals,Voluntary non-profit - Private,TRUE,FALSE,,
670346,BAYLOR SCOTT AND WHITE MEDICAL CENTER FRISCO AT PG,7600 BETTER WAY,FRISCO,TX,75033,DENTON,(945) 339-0500,Acute Care Hospitals,Voluntary non-profit - Private,TRUE,FALSE,33.10449,-96.83783
454134,HAVEN BEHAVIORAL HOSPITAL OF FRISCO,"5680 FRISCO SQUARE BLVD, SUITE 3000",FRISCO,TX,75034,DENTON,(469) 535-8000,Psychiatric,Proprietary,FALSE,FALSE,33.15114,-96.83786
454138,GARLAND BEHAVIORAL HOSPITAL,2300 MARIE CURIE BLVD 5TH FLOOR,GARLAND,TX,75042,DALLAS,(972) 487-5309,Psychiatric,Proprietary,FALSE,FALSE,32.91978,-96.6621
670319,TRINITY REGIONAL HOSPITAL SACHSE,4750 PRESIDENT GEORGE BUSH HIGHWAY,SACHSE,TX,75048,DALLAS,(469) 298-2599,Acute Care Hospitals,Voluntary non-profit - Private,TRUE,FALSE,,
454130,WELLBRIDGE HEALTHCARE GREATER DALLAS,4301 MAPLESHADE LANE,PLANO,TX,75093,COLLIN,(972) 596-5445,Psychiatric,Proprietary,FALSE,FALSE,33.00581,-96.77695
670138,"PARK AMBULATORY SURGERY CENTER, LLC","5055 W PARK BLVD, SUITE 800",PLANO,TX,75093,COLLIN,(214) 299-7010,Acute Care Hospitals,Proprietary,FALSE,FALSE,,
453308,OUR CHILDRENS HOUSE,1340 EMPIRE CENTRAL DR,DALLAS,TX,75247,DALLAS,(214) 828-4747,Childrens,Voluntary non-profit - Church,FALSE,FALSE,32.82592,-96.86961
451360,MEMORIAL MEDICAL CENTER SAN AUGUSTINE,511 HOSPITAL ST,SAN AUGUSTINE,TX,75972,SAN AUGUSTINE,(936) 275-3446,Critical Access Hospitals,Voluntary non-profit - Private,TRUE,FALSE,31.53262,-94.10301
670133,ER TX  MEDICAL CENTER MANSFIELD,1710 US 287 FRONTAGE ROAD,MANSFIELD,TX,76063,TARRANT,(817) 672-2822,Acute Care Hospitals,Proprietary,TRUE,FALSE,,
670116,WISE HEALTH SYSTEM,3200 NORTH TARRANT PARKWAY,FORT WORTH,TX,76177,TARRANT,(817) 502-7300,Acute Care Hospitals,Government - Hospital District or Authority,TRUE,TRUE,32.89688,-97.31291
450895,BAYLOR SCOTT WHITE THE HEART HOSPITAL CORINTH,2813 S MAYHILL ROAD,DENTON,TX,76208,DENTON,(940) 320-2300,Acute Care Hospitals,Proprietary,TRUE,FALSE,,
450586,SEYMOUR HOSPITAL,200 STADIUM DRIVE,SEYMOUR,TX,76380,BAYLOR,(940) 889-5572,Acute Care Hospitals,Government - Hospital District or Authority,TRUE,TRUE,33.59017,-99.2487
671302,STEPHENS MEMORIAL HOSPITAL,200 SOUTH GENEVA STREET,BRECKENRIDGE,TX,76424,STEPHENS,(254) 559-2241,Critical Access Hospitals,Government - Hospital District or Authority,TRUE,FALSE,32.75396,-98.88721
671303,EASTLAND MEMORIAL HOSPITAL,304 S DAUGHERTY STREET,EASTLAND,TX,76448,EASTLAND,(254) 631-5342,Critical Access Hospitals,Government - Hospital District or Authority,TRUE,FALSE,32.39982,-98.82114
450085,GRAHAM REGIONAL MEDICAL CENTER,1301 MONTGOMERY ROAD,GRAHAM,TX,76450,YOUNG,(940) 549-3400,Acute Care Hospitals,Government - Hospital District or Authority,TRUE,TRUE,33.08958,-98.58397
451357,LITTLE RIVER HEALTHCARE,1700 BRAZOS,ROCKDALE,TX,76567,MILAM,(512) 446-4500,Critical Access Hospitals,Proprietary,TRUE,FALSE,30.65098,-97.02067
450348,FALLS COMMUNITY HOSPITAL AND CLINIC,322 COLEMAN STREET,MARLIN,TX,76661,FALLS,(254) 803-3561,Acute Care Hospitals,Voluntary non-profit - Private,TRUE,TRUE,31.3072,-96.894
450340,SAN ANGELO COMMUNITY MEDICAL CENTER,3501 KNICKERBOCKER ROAD,SAN ANGELO,TX,76904,TOM GREEN,(325) 949-9511,Acute Care Hospitals,Proprietary,TRUE,TRUE,31.41828,-100.46981
670129,THE HEIGHTS HOSPITAL,"1917 ASHLAND STREET, SUITE 300",HOUSTON,TX,77008,HARRIS,(713) 574-6814,Acute Care Hospitals,Proprietary,FALSE,FALSE,29.80367,-95.40415
453312,SHRINERS HOSPITALS FOR CHILDREN,6977 MAIN STREET,HOUSTON,TX,77030,HARRIS,(713) 797-1616,Childrens,Voluntary non-profit - Other,FALSE,FALSE,29.70431,-95.40577
670118,FIRST TEXAS HOSPITAL,9922 LOUETTA RD,HOUSTON,TX,77070,HARRIS,(844) 264-1435,Acute Care Hospitals,Proprietary,TRUE,FALSE,30.00054,-95.56274
454083,INTRACARE NORTH HOSPITAL,1120 CYPRESS STATION DR,HOUSTON,TX,77090,HARRIS,(281) 893-7200,Psychiatric,Voluntary non-profit - Private,TRUE,FALSE,30.02366,-95.44027
450803,UNITED MEMORIAL MEDICAL CENTER,510 W TIDWELL,HOUSTON,TX,77091,HARRIS,(713) 691-1111,Acute Care Hospitals,Proprietary,TRUE,FALSE,29.84781,-95.40846
670310,SE TEXAS ER & HOSPITAL,19211 MCKAY BLVD,HUMBLE,TX,77338,HARRIS,(704) 887-7283,Acute Care Hospitals,Physician,FALSE,FALSE,,
670345,LEGENT NORTH HOUSTON SURGICAL HOSPITAL,24429 TOMBALL PARKWAY,TOMBALL,TX,77375,HARRIS,(346) 766-0880,Acute Care Hospitals,Physician,FALSE,FALSE,30.03713,-95.60625
670280,NORTH HOUSTON SURGICAL HOSPITAL LLC,20635 KUYKENDAHL RD,SPRING,TX,77379,HARRIS,(832) 614-2958,Acute Care Hospitals,Proprietary,TRUE,FALSE,30.07098,-95.51195
670342,HOUSTON METHODIST CYPRESS HOSPITAL,24500 NORTHWEST FWY,CYPRESS,TX,77429,HARRIS,(346) 618-1506,Acute Care Hospitals,Voluntary non-profit - Private,TRUE,FALSE,,
452114,ATRIUM MEDICAL CENTER,"11929 W AIRPORT BLVD, SUITE 110",STAFFORD,TX,77477,FORT BEND,(281) 207-8200,Long-term,Physician,FALSE,FALSE,29.64685,-95.58828
454085,DEVEREUX TEXAS TREATMENT NETWORK,1150 DEVEREUX DR,LEAGUE CITY,TX,77573,GALVESTON,(281) 335-1000,Psychiatric,Voluntary non-profit - Private,FALSE,FALSE,29.50684,-95.10672
670259,CAPROCK HOSPITAL,3134 BRIARCRESRT DR,BRYAN,TX,77802,BRAZOS,(979) 314-2323,Acute Care Hospitals,Proprietary,TRUE,FALSE,,
450187,SCOTT & WHITE HOSPITAL BRENHAM,700 MEDICAL PARKWAY,BRENHAM,TX,77833,WASHINGTON,(979) 836-6173,Acute Care Hospitals,Voluntary non-profit - Private,TRUE,TRUE,30.14567,-96.39932
670343,BAYLOR SCOTT & WHITE HOSPITAL BRENHAM,700 MEDICAL PARKWAY,BRENHAM,TX,77833,WASHINGTON,(979) 836-6173,Acute Care Hospitals,Voluntary non-profit - Private,TRUE,FALSE,30.14567,-96.39932
450299,CHI ST JOSEPH HEALTH COLLEGE STATION HOSPITAL,1604 ROCK PRAIRIE ROAD,COLLEGE STATION,TX,77842,BRAZOS,(979) 764-5151,Acute Care Hospitals,Proprietary,TRUE,TRUE,30.58132,-96.28999
454125,ROCK PRAIRIE BEHAVIORAL HEALTH,3550 NORMAND DRIVE,COLLEGE STATION,TX,77845,BRAZOS,(979) 703-8848,Psychiatric,Proprietary,FALSE,FALSE,30.58055,-96.29258
454014,KERRVILLE STATE HOSP,721 THOMPSON DRIVE,KERRVILLE,TX,78028,KERR,(830) 896-2211,Psychiatric,Government - State,FALSE,FALSE,30.04686,-99.15625
450697,TEXAS VISTA MEDICAL CENTER,7400 BARLITE BLVD,SAN ANTONIO,TX,78224,BEXAR,(210) 921-2000,Acute Care Hospitals,Physician,TRUE,TRUE,29.35354,-98.54471
454159,CEDAR HILLS BEHAVIORAL,1975 BABCOCK RD,SAN ANTONIO,TX,78229,BEXAR,(210) 846-9757,Psychiatric,Voluntary non-profit - Other,TRUE,FALSE,29.49965,-98.57673
450780,METHODIST HOSPITAL AMBULATORY SURGERY,9150 HUEBNER RD SUITE 100,SAN ANTONIO,TX,78240,BEXAR,(210) 575-5000,Acute Care Hospitals,Proprietary,TRUE,FALSE,29.52688,-98.59497
670336,BANDERA FAMILY HOSPITAL,8703 BANDERA RD,SAN ANTONIO,TX,78250,BEXAR,(210) 332-1730,Acute Care Hospitals,Proprietary,TRUE,FALSE,,
450605,CARE REGIONAL MEDICAL CENTER,1711 W WHEELER AVENUE,ARANSAS PASS,TX,78336,SAN PATRICIO,(361) 758-8585,Acute Care Hospitals,Proprietary,TRUE,FALSE,27.915,-97.16254
670061,SOUTH TEXAS SURGICAL HOSPITAL,6130 PARKWAY DRIVE,CORPUS CHRISTI,TX,78414,NUECES,(361) 993-2000,Acute Care Hospitals,Proprietary,TRUE,TRUE,27.68604,-97.37555
670143,ASCENSION SETON BASTROP,"630 HIGWAY 71 W,",BASTROP,TX,78602,BASTROP,(737) 881-7400,Acute Care Hospitals,Voluntary non-profit - Private,TRUE,FALSE,,
450219,BAYLOR SCOTT & WHITE MEDICAL CENTER - LLANO,200 W OLLIE,LLANO,TX,78643,LLANO,(325) 247-5040,Acute Care Hospitals,Voluntary non-profit - Private,TRUE,TRUE,30.74265,-98.67766
454137,OCEANS BEHAVIORAL HOSPITAL OF SAN MARCOS,1106 N IH 35,SAN MARCOS,TX,78666,HAYS,(512) 353-0194,Psychiatric,Proprietary,FALSE,FALSE,29.88408,-97.91806
454069,AUSTIN LAKES HOSPITAL,1025 EAST 32ND STREET,AUSTIN,TX,78705,TRAVIS,(512) 544-5253,Psychiatric,Proprietary,FALSE,FALSE,30.28852,-97.72435
450871,ARISE AUSTIN MEDICAL CENTER,3003 BEE CAVES ROAD,AUSTIN,TX,78746,TRAVIS,(512) 347-9888,Acute Care Hospitals,Physician,FALSE,FALSE,30.27076,-97.79597
670004,ST MARKS MEDICAL CENTER,ONE ST MARK'S PLACE,LA GRANGE,TX,78945,FAYETTE,(979) 242-2200,Acute Care Hospitals,Voluntary non-profit - Private,TRUE,TRUE,29.93575,-96.87625
450578,HEMPHILL COUNTY HOSPITAL,1020 S 4TH ST,CANADIAN,TX,79014,HEMPHILL,(806) 323-6622,Acute Care Hospitals,Government - Hospital District or Authority,TRUE,TRUE,35.90339,-100.38826
450099,PAMPA REGIONAL MEDICAL CENTER,1 MEDICAL PLAZA,PAMPA,TX,79065,GRAY,(806) 665-3721,Acute Care Hospitals,Voluntary non-profit - Private,TRUE,TRUE,35.57247,-100.9648
451345,CROSBYTON CLINIC HOSPITAL,710 WEST MAIN STREET,CROSBYTON,TX,79322,CROSBY,(806) 675-2382,Critical Access Hospitals,Voluntary non-profit - Private,TRUE,FALSE,33.66062,-101.2461
450078,ANSON GENERAL HOSPITAL,101 AVENUE J,ANSON,TX,79501,JONES,(325) 823-3231,Acute Care Hospitals,Government - Hospital District or Authority,TRUE,TRUE,32.76801,-99.89498
450558,ABILENE REGIONAL MEDICAL CENTER,6250 HWY 83/84,ABILENE,TX,79606,TAYLOR,(325) 428-1000,Acute Care Hospitals,Proprietary,TRUE,TRUE,32.37507,-99.74373
670323,ADVANCED ODESSA HOSPITAL & CLINICS,900 E 4TH ST,ODESSA,TX,79761,ECTOR,(713) 790-1666,Acute Care Hospitals,Physician,TRUE,FALSE,31.85173,-102.35957
450877,FOUNDATION SURGICAL HOSPITAL OF EL PASO,1416 GEORGE DIETER,EL PASO,TX,79936,EL PASO,(915) 598-4240,Acute Care Hospitals,Proprietary,TRUE,FALSE,31.7348,-106.30061
64027,CLEAR VIEW BEHAVIORAL HEALTH,4770 LARIMER PKWY,JOHNSTOWN,CO,80534,WELD,(970) 800-5550,Psychiatric,Proprietary,FALSE,FALSE,40.40453,-104.97518
530037,NORTH PLATTE VALLEY MEDICAL CENTER,1300 WEST BRIDGE AVE,SARATOGA,WY,82331,CARBON,(307) 326-3169,Acute Care Hospitals,Voluntary non-profit - Private,TRUE,FALSE,,
530011,MEMORIAL HOSPITAL SWEETWATER COUNTY,1200 COLLEGE DRIVE,ROCK SPRINGS,WY,82901,SWEETWATER,(307) 362-3711,Acute Care Hospitals,Government - Local,TRUE,TRUE,41.58495,-109.2355
530032,EVANSTON REGIONAL HOSPITAL,190 ARROWHEAD DR,EVANSTON,WY,82930,UINTA,(307) 789-3636,Acute Care Hospitals,Proprietary,TRUE,TRUE,41.24335,-110.9905
534001,WYOMING STATE HOSPITAL,831 HWY 150 SOUTH,EVANSTON,WY,82931,UINTA,(307) 789-3464,Psychiatric,Government - State,FALSE,FALSE,41.26383,-110.9471
131308,CASCADE MEDICAL CENTER,402 LAKE CASCADE PARKWAY,CASCADE,ID,83611,VALLEY,(208) 382-4242,Critical Access Hospitals,Government - Hospital District or Authority,TRUE,FALSE,44.51837,-116.04938
460063,WESTERN PEAKS SPECIALTY HOSPITAL,485 EAST 500 SOUTH,BOUNTIFUL,UT,84010,DAVIS,(801) 295-2361,Acute Care Hospitals,Proprietary,FALSE,FALSE,,
464015,HIGHLAND RIDGE HOSPITAL,7309 SOUTH 180 WEST,MIDVALE,UT,84047,SALT LAKE,(801) 569-2153,Psychiatric,Proprietary,FALSE,FALSE,40.61774,-111.89671
464011,COPPER HILLS YOUTH CENTER,5899 WEST RIVENDELL DRIVE,WEST JORDAN,UT,84088,SALT LAKE,(801) 561-3377,Psychiatric,Voluntary non-profit - Private,FALSE,FALSE,,
463302,SHRINERS HOSPITALS FOR CHILDREN - SALT LAKE CITY,1275 EAST FAIRFAX ROAD,SALT LAKE CITY,UT,84103,SALT LAKE,(801) 536-3500,Childrens,Voluntary non-profit - Private,FALSE,FALSE,,
460049,THE ORTHOPEDIC SPECIALTY HOSPITAL,5848 SOUTH 300 EAST,MURRAY,UT,84107,SALT LAKE,(801) 314-4100,Acute Care Hospitals,Voluntary non-profit - Private,FALSE,TRUE,40.64438,-111.88358
30131,O.A.S.I.S. HOSPITAL,750 NORTH 40TH STREET,PHOENIX,AZ,85008,MARICOPA,(602) 797-7700,Acute Care Hospitals,Voluntary non-profit - Private,FALSE,FALSE,33.45665,-111.99661
30140,SKI AMBULATORY SURGICAL CENTER LLC,"110 EAST UNIVERSITY DRIVE, SUITE 102",TEMPE,AZ,85281,MARICOPA,(480) 610-6152,Acute Care Hospitals,Proprietary,FALSE,FALSE,,
30077,SAN CARLOS APACHE HEALTHCARE CORP,103 MEDICINE WAY ROAD,PERIDOT,AZ,85542,GILA,(928) 475-1200,Acute Care Hospitals,Government - Federal,FALSE,FALSE,33.29576,-110.41788
30068,MT. GRAHAM REGIONAL MEDICAL CENTER,1600 SOUTH 20TH AVENUE,SAFFORD,AZ,85546,GRAHAM,(928) 348-4000,Acute Care Hospitals,Government - Hospital District or Authority,TRUE,TRUE,32.82275,-109.73516
30137,SANTA CRUZ VALLEY REGIONAL HOSPITAL,4455 SOUTH I-19 FRONTAGE ROAD,GREEN VALLEY,AZ,85614,PIMA,(520) 393-4700,Acute Care Hospitals,Proprietary,TRUE,FALSE,31.80657,-111.01002
30195,KAYENTA ALTERNATIVE RURAL HOSPITAL,"US HWY 160, S MP 394, KAYENTA, AZ 86033-0368",KAYENTA,AZ,86033,NAVAJO,(928) 697-4000,Acute Care Hospitals,Government - Federal,TRUE,FALSE,,
34036,"MEDICAL BEHAVIORAL HOSPITAL OF NORTHERN ARIZONA, L",181 WHIPPLE STREET,PRESCOTT,AZ,86301,YAVAPAI,(928) 227-3424,Psychiatric,Proprietary,FALSE,FALSE,,
320070,DHHS USPHS INDIAN HEALTH SERVICES,EXIT #102 OFF I-40 1/2 MILE SOUTH,SAN FIDEL,NM,87049,CIBOLA,(505) 552-5300,Acute Care Hospitals,Government - Federal,TRUE,FALSE,,
320089,UNM SANDOVAL REGIONAL MEDICAL CENTER,3001 BROADMOOR BLVD NE,RIO RANCHO,NM,87144,SANDOVAL,(505) 994-7402,Acute Care Hospitals,Voluntary non-profit - Private,TRUE,TRUE,35.30877,-106.68023
320038,REHOBOTH MCKINLEY CHRISTIAN HEALTH CARE SERVICES,1901 RED ROCK DRIVE,GALLUP,NM,87301,MCKINLEY,(505) 863-7000,Acute Care Hospitals,Voluntary non-profit - Private,TRUE,TRUE,35.50651,-108.7265
320003,ALTA VISTA REGIONAL HOSPITAL,104 LEGION DRIVE,LAS VEGAS,NM,87701,SAN MIGUEL,(505) 426-3930,Acute Care Hospitals,Proprietary,TRUE,TRUE,35.62344,-105.21087
320016,GILA REGIONAL MEDICAL CENTER,1313 E 32ND ST,SILVER CITY,NM,88061,GRANT,(575) 538-4100,Acute Care Hospitals,Government - Hospital District or Authority,TRUE,FALSE,32.79713,-108.26092
320058,MESCALERO PHS INDIAN HOSPITAL,P O BOX 210,MESCALERO,NM,88340,OTERO,(505) 464-4441,Acute Care Hospitals,Government - Federal,FALSE,FALSE,33.15879,-105.77247
320067,GUADALUPE COUNTY HOSPITAL,"117 CAMINO DE VIDA, SUITE 100",SANTA ROSA,NM,88435,GUADALUPE,(575) 472-3417,Acute Care Hospitals,Government - Local,TRUE,FALSE,34.93022,-104.69356
294009,MONTEVISTA HOSPITAL,5900 WEST ROCHELLE AVENUE,LAS VEGAS,NV,89103,CLARK,(702) 364-1111,Psychiatric,Proprietary,FALSE,FALSE,36.11175,-115.22164
294014,SANA BEHAVIORAL HEALTH-LAS VEGAS,5975 WEST TWAIN AVENUE,LAS VEGAS,NV,89103,CLARK,(801) 559-7764,Psychiatric,Proprietary,FALSE,FALSE,36.12129,-115.22336
294016,"THRIVE BEHAVIORAL HOSPITAL, LLC",5900 W ROCHELLE AVE,LAS VEGAS,NV,89103,CLARK,(702) 600-7077,Psychiatric,Proprietary,FALSE,FALSE,36.11175,-115.22164
290022,DESERT SPRINGS HOSPITAL,2075 EAST FLAMINGO ROAD,LAS VEGAS,NV,89119,CLARK,(702) 369-7600,Acute Care Hospitals,Proprietary,TRUE,TRUE,36.11396,-115.12451
290056,ORTHOPEDIC SPECIALTY HOSPITAL OF NEVADA,8656 WEST PATRICK LANE,LAS VEGAS,NV,89148,CLARK,(702) 777-7100,Acute Care Hospitals,Voluntary non-profit - Private,FALSE,TRUE,36.07899,-115.28105
290061,NORTHERN NEVADA SIERRA MEDICAL CENTER,6500 LONGLEY LANE,RENO,NV,89511,WASHOE,(775) 799-7320,Acute Care Hospitals,Proprietary,TRUE,TRUE,,
294003,BHC WEST HILLS HOSPITAL,1240 E NINTH ST,RENO,NV,89512,WASHOE,(775) 323-0478,Psychiatric,Proprietary,FALSE,FALSE,39.53787,-119.7974
54083,KEDREN COMMUNITY MENTAL HEALTH CENTER,4211 SOUTH AVALON BLVD,LOS ANGELES,CA,90011,LOS ANGELES,(323) 233-0425,Psychiatric,Voluntary non-profit - Private,FALSE,FALSE,34.0073,-118.26621
53310,SHRINERS HOSPITALS FOR CHILDREN,3160 GENEVA STREET,LOS ANGELES,CA,90020,LOS ANGELES,(213) 388-3151,Childrens,Voluntary non-profit - Private,FALSE,FALSE,34.0672,-118.28639
50742,OLYMPIA MEDICAL CENTER,5900 WEST OLYMPIC BOULEVARD,LOS ANGELES,CA,90036,LOS ANGELES,(310) 657-5900,Acute Care Hospitals,Proprietary,FALSE,FALSE,34.05729,-118.36053
50502,SAINT VINCENT MEDICAL CENTER,2131 W 3RD ST,LOS ANGELES,CA,90057,LOS ANGELES,(213) 484-7111,Acute Care Hospitals,Voluntary non-profit - Church,TRUE,FALSE,34.06387,-118.27361
50849,COMMUNITY HOSPITAL LONG BEACH,1720 TERMINO AVENUE,LONG BEACH,CA,90804,LOS ANGELES,(562) 741-3331,Acute Care Hospitals,Proprietary,TRUE,FALSE,33.78849,-118.14524
50205,GLENDORA COMMUNITY HOSPITAL,150 WEST ROUTE 66,GLENDORA,CA,91740,LOS ANGELES,(626) 335-0231,Acute Care Hospitals,Proprietary,TRUE,FALSE,34.12749,-117.86514
50096,WEST COVINA MEDICAL CENTER,725 S ORANGE AVE,WEST COVINA,CA,91790,LOS ANGELES,(626) 338-8481,Acute Care Hospitals,Proprietary,FALSE,FALSE,34.07137,-117.9449
54114,SAN DIEGO COUNTY PSYCHIATRIC HOSPITAL,3851 ROSECRANS ST,SAN DIEGO,CA,92110,SAN DIEGO,(619) 692-8211,Psychiatric,Government - Local,TRUE,FALSE,32.75368,-117.20207
50757,ALVARADO HOSPITAL MEDICAL CENTER,6655 ALVARADO ROAD,SAN DIEGO,CA,92120,SAN DIEGO,(619) 229-3172,Acute Care Hospitals,Proprietary,TRUE,FALSE,32.77659,-117.05706
50423,PALO VERDE HOSPITAL,250 NORTH FIRST STREET,BLYTHE,CA,92225,RIVERSIDE,(760) 922-4115,Acute Care Hospitals,Government - Hospital District or Authority,TRUE,TRUE,33.61286,-114.59512
54093,LOMA LINDA UNIVERSITY BEHAVIORAL MED CTR,1710 BARTON ROAD,REDLANDS,CA,92373,SAN BERNARDINO,(909) 558-9200,Psychiatric,Voluntary non-profit - Private,FALSE,FALSE,34.04944,-117.21408
50548,FAIRVIEW DEVELOPMENTAL CENTER,2501 HARBOR BOULEVARD,COSTA MESA,CA,92626,ORANGE,(714) 957-5000,Acute Care Hospitals,Government - Local,FALSE,FALSE,33.66344,-117.9228
54135,NEWPORT BAY HOSPITAL,1501 E 16TH ST,NEWPORT BEACH,CA,92663,ORANGE,(949) 650-9750,Psychiatric,Proprietary,FALSE,FALSE,33.62229,-117.90754
50616,ST JOHNS PLEASANT VALLEY HOSPITAL,2309 ANTONIO AVE,CAMARILLO,CA,93010,VENTURA,(805) 389-5800,Acute Care Hospitals,Voluntary non-profit - Church,TRUE,TRUE,34.24368,-119.01945
50397,COALINGA REGIONAL MEDICAL CENTER,1191 PHELPS AVENUE,COALINGA,CA,93210,FRESNO,(559) 935-6400,Acute Care Hospitals,Government - Hospital District or Authority,TRUE,FALSE,36.15247,-120.34068
50724,BAKERSFIELD HEART HOSPITAL,3001 SILLECT AVENUE,BAKERSFIELD,CA,93308,KERN,(661) 316-6000,Acute Care Hospitals,Proprietary,TRUE,FALSE,35.38483,-119.04
50568,MADERA COMMUNITY HOSPITAL,1250 E ALMOND AVE,MADERA,CA,93637,MADERA,(559) 675-5555,Acute Care Hospitals,Voluntary non-profit - Other,TRUE,TRUE,36.94381,-120.04466
50856,MADERA COMMUNITY HOSPITAL,1250 E ALMOND AVE,MADERA,CA,93637,MADERA,(559) 706-8226,Acute Care Hospitals,Voluntary non-profit - Private,TRUE,FALSE,36.94381,-120.04466
50189,GEORGE L MEE MEMORIAL HOSPITAL,300 CANAL STREET,KING CITY,CA,93930,MONTEREY,(831) 385-6000,Acute Care Hospitals,Voluntary non-profit - Other,TRUE,TRUE,36.20581,-121.13286
50547,SONOMA DEVELOPMENTAL CENTER,15000 ARNOLD DRIVE   /  P O BOX 1493,ELDRIDGE,CA,95431,SONOMA,(707) 938-6000,Acute Care Hospitals,Government - State,FALSE,FALSE,38.34718,-122.5187
50225,ADVENTIST HEALTH FEATHER RIVER,5974 PENTZ ROAD,PARADISE,CA,95969,BUTTE,(530) 877-9361,Acute Care Hospitals,Voluntary non-profit - Church,TRUE,FALSE,39.75686,-121.5713
120004,WAHIAWA GENERAL HOSPITAL,128 LEHUA STREET,WAHIAWA,HI,96786,HONOLULU,(808) 621-8411,Acute Care Hospitals,Voluntary non-profit - Private,TRUE,FALSE,21.4989,-158.02591
380033,SACRED HEART UNIVERSITY DISTRICT,1255 HILYARD STREET,EUGENE,OR,97401,LANE,(541) 686-7300,Acute Care Hospitals,Voluntary non-profit - Private,TRUE,FALSE,44.04602,-123.08171
380040,ST CHARLES REDMOND,1253 NW CANAL BLVD,REDMOND,OR,97756,DESCHUTES,(541) 548-8131,Acute Care Hospitals,Voluntary non-profit - Private,TRUE,TRUE,44.28797,-121.16986
500001,UW MEDICINE/NORTHWEST HOSPITAL,1550 NORTH 115TH STREET,SEATTLE,WA,98133,KING,(206) 368-1700,Acute Care Hospitals,Voluntary non-profit - Other,TRUE,FALSE,47.71417,-122.3369
504011,CASCADE BEHAVIORAL HOSPITAL,12844 MILITARY ROAD SOUTH,TUKWILA,WA,98168,KING,(206) 244-0180,Psychiatric,Proprietary,FALSE,FALSE,47.4877,-122.29598
50014F,NH OAK HARBOR,3475 NORTH SARATOGA STREET,OAK HARBOR,WA,98277,ISLAND,(360) 257-9500,Acute Care - Department of Defense,Department of Defense,FALSE,FALSE,48.33646,-122.68121
50006F,NH BREMERTON,1 BOONE ROAD,BREMERTON,WA,98312,KITSAP,(360) 475-4232,Acute Care - Department of Defense,Department of Defense,FALSE,FALSE,47.595,-122.69156
500148,CONFLUENCE HEALTH- WENATCHEE VALLEY HOSP & CLINICS,820 NORTH CHELAN AVENUE,WENATCHEE,WA,98801,CHELAN,(509) 663-8711,Acute Care Hospitals,Voluntary non-profit - Private,FALSE,TRUE,47.43353,-120.32309
