REPORT,MEASURE_CATEGORY,MEASURE_GROUP,MEASURE_ID,MEASURE_NAME
CMS STARS REPORT,MEASURE GROUP SCORES,MORTALITY,DOMAIN SCORE,Domain Score
CMS STARS REPORT,MEASURE GROUP SCORES,PATIENT EXPERIENCE,DOMAIN SCORE,Domain Score
CMS STARS REPORT,MEASURE GROUP SCORES,READMISSION,DOMAIN SCORE,Domain Score
CMS STARS REPORT,MEASURE GROUP SCORES,SAFETY,DOMAIN SCORE,Domain Score
CMS STARS REPORT,MEASURE GROUP SCORES,SAFETY OF CARE,DOMAIN SCORE,Domain Score
CMS STARS REPORT,MEASURE GROUP SCORES,TIMELY AND EFFECTIVE CARE,DOMAIN SCORE,Domain Score
CMS STARS REPORT,PERFORMANCE INFORMATION,MORTALITY,HYBRID_HWM_RSMR,Rate of mortality after discharge from hospital (hospital-wide)
CMS STARS REPORT,PERFORMANCE INFORMATION,MORTALITY,MORT_30_AMI,Acute Myocardial Infarction (AMI) 30-Day Mortality Rate
CMS STARS REPORT,PERFORMANCE INFORMATION,MORTALITY,MORT_30_CABG,30-Day All-Cause Mortality Following Coronary Artery Bypass Graft (CABG) Surgery
CMS STARS REPORT,PERFORMANCE INFORMATION,MORTALITY,MORT_30_COPD,Chronic Obstructive Pulmonary Disease (COPD) 30-Day Mortality Rate
CMS STARS REPORT,PERFORMANCE INFORMATION,MORTALITY,MORT_30_HF,Heart Failure (HF) 30-Day Mortality Rate
CMS STARS REPORT,PERFORMANCE INFORMATION,MORTALITY,MORT_30_PN,Pneumonia 30-Day Mortality Rate
CMS STARS REPORT,PERFORMANCE INFORMATION,MORTALITY,MORT_30_STK,Acute Ischemic Stroke (STK) 30-Day Mortality Rate
CMS STARS REPORT,PERFORMANCE INFORMATION,MORTALITY,PSI_4_SURG_COMP,Death rate among surgical inpatients with serious treatable complications
CMS STARS REPORT,PERFORMANCE INFORMATION,PATIENT EXPERIENCE,H_CLEAN_LINEAR_SCORE,Cleanliness of Hospital Environment
CMS STARS REPORT,PERFORMANCE INFORMATION,PATIENT EXPERIENCE,H_COMP_1_LINEAR_SCORE,Nurse communication
CMS STARS REPORT,PERFORMANCE INFORMATION,PATIENT EXPERIENCE,H_COMP_1_STAR_RATING,Nurse communication
CMS STARS REPORT,PERFORMANCE INFORMATION,PATIENT EXPERIENCE,H_COMP_2_LINEAR_SCORE,Doctor communication
CMS STARS REPORT,PERFORMANCE INFORMATION,PATIENT EXPERIENCE,H_COMP_2_STAR_RATING,Doctor communication
CMS STARS REPORT,PERFORMANCE INFORMATION,PATIENT EXPERIENCE,H_COMP_3_LINEAR_SCORE,Staff responsiveness
CMS STARS REPORT,PERFORMANCE INFORMATION,PATIENT EXPERIENCE,H_COMP_3_STAR_RATING,Staff responsiveness
CMS STARS REPORT,PERFORMANCE INFORMATION,PATIENT EXPERIENCE,H_COMP_5_LINEAR_SCORE,Communication about medicines
CMS STARS REPORT,PERFORMANCE INFORMATION,PATIENT EXPERIENCE,H_COMP_5_STAR_RATING,Communication about medicines
CMS STARS REPORT,PERFORMANCE INFORMATION,PATIENT EXPERIENCE,H_COMP_6_LINEAR_SCORE,Discharge information
CMS STARS REPORT,PERFORMANCE INFORMATION,PATIENT EXPERIENCE,H_COMP_6_STAR_RATING,Discharge information
CMS STARS REPORT,PERFORMANCE INFORMATION,PATIENT EXPERIENCE,H_COMP_7_LINEAR_SCORE,Care transition
CMS STARS REPORT,PERFORMANCE INFORMATION,PATIENT EXPERIENCE,H_COMP_7_STAR_RATING,Care transition
CMS STARS REPORT,PERFORMANCE INFORMATION,PATIENT EXPERIENCE,H_GLOB_STAR_RATING,Overall Rating/Willingness to Recommend Hospital
CMS STARS REPORT,PERFORMANCE INFORMATION,PATIENT EXPERIENCE,H_HSP_RATING_LINEAR_SCORE,Overall Rating of Hospital
CMS STARS REPORT,PERFORMANCE INFORMATION,PATIENT EXPERIENCE,H_INDI_STAR_RATING,Cleanliness/Quietness of Hospital Environment
CMS STARS REPORT,PERFORMANCE INFORMATION,PATIENT EXPERIENCE,H_QUIET_LINEAR_SCORE,Quietness of Hospital Environment
CMS STARS REPORT,PERFORMANCE INFORMATION,PATIENT EXPERIENCE,H_RECMND_LINEAR_SCORE,Willingness to Recommend this Hospital
CMS STARS REPORT,PERFORMANCE INFORMATION,PATIENT EXPERIENCE,O-COMP-1,Facilities and Staff
CMS STARS REPORT,PERFORMANCE INFORMATION,PATIENT EXPERIENCE,O-COMP-2,Communications about Procedures
CMS STARS REPORT,PERFORMANCE INFORMATION,PATIENT EXPERIENCE,O-COMP-3,Preparing for Discharge and Recovery
CMS STARS REPORT,PERFORMANCE INFORMATION,PATIENT EXPERIENCE,O-PATIENT-RATE,Patients' Rating of the Facility
CMS STARS REPORT,PERFORMANCE INFORMATION,PATIENT EXPERIENCE,O-PATIENT-REC,Patients' Recommending the Facility
CMS STARS REPORT,PERFORMANCE INFORMATION,READMISSION,EDAC_30_AMI,Excess Days in Acute Care after Hospitalization for Acute Myocardial Infarction
CMS STARS REPORT,PERFORMANCE INFORMATION,READMISSION,EDAC_30_HF,Excess Days in Acute Care after Hospitalization for Heart Failure
CMS STARS REPORT,PERFORMANCE INFORMATION,READMISSION,EDAC_30_PN,Excess Days in Acute Care after Hospitalization for Pneumonia
CMS STARS REPORT,PERFORMANCE INFORMATION,READMISSION,HYBRID_HWR,
CMS STARS REPORT,PERFORMANCE INFORMATION,READMISSION,OP_32,Facility 7-Day Risk Standardized Hospital Visit Rate after Outpatient Colonoscopy
CMS STARS REPORT,PERFORMANCE INFORMATION,READMISSION,OP_35_ADM,Admissions for patients receiving outpatient chemotherapy
CMS STARS REPORT,PERFORMANCE INFORMATION,READMISSION,OP_35_ED,Emergency department (ED) visits for patients receiving outpatient chemotherapy
CMS STARS REPORT,PERFORMANCE INFORMATION,READMISSION,OP_36,Hospital visits after hospital outpatient surgery
CMS STARS REPORT,PERFORMANCE INFORMATION,READMISSION,READM_30_CABG,30-Day All-Cause Unplanned Readmission Following Coronary Artery Bypass Graft Surgery (CABG)
CMS STARS REPORT,PERFORMANCE INFORMATION,READMISSION,READM_30_COPD,Chronic Obstructive Pulmonary Disease (COPD) 30-Day Readmission Rate
CMS STARS REPORT,PERFORMANCE INFORMATION,READMISSION,READM_30_HIP_KNEE,30-Day Readmission Rate Following Elective Primary Total Hip Arthroplasty (THA) and/or Total Knee Arthroplasty
CMS STARS REPORT,PERFORMANCE INFORMATION,READMISSION,READM_30_HOSP_WIDE,30-Day Hospital-Wide All-Cause Unplanned Readmission Rate
CMS STARS REPORT,PERFORMANCE INFORMATION,SAFETY,COMP_HIP_KNEE,
CMS STARS REPORT,PERFORMANCE INFORMATION,SAFETY,HAI_1,
CMS STARS REPORT,PERFORMANCE INFORMATION,SAFETY,HAI_2,
CMS STARS REPORT,PERFORMANCE INFORMATION,SAFETY,HAI_3,
CMS STARS REPORT,PERFORMANCE INFORMATION,SAFETY,HAI_4,
CMS STARS REPORT,PERFORMANCE INFORMATION,SAFETY,HAI_5,
CMS STARS REPORT,PERFORMANCE INFORMATION,SAFETY,HAI_6,
CMS STARS REPORT,PERFORMANCE INFORMATION,SAFETY,PSI_90_SAFETY,
CMS STARS REPORT,PERFORMANCE INFORMATION,SAFETY OF CARE,COMP_HIP_KNEE,Complication Rate Following Elective Primary Total Hip Arthroplasty (THA) and/or Total Knee Arthroplasty (TKA)
CMS STARS REPORT,PERFORMANCE INFORMATION,SAFETY OF CARE,HAI_1,Central Line Associated Bloodstream Infection (ICU + select Wards)
CMS STARS REPORT,PERFORMANCE INFORMATION,SAFETY OF CARE,HAI_2,Catheter Associated Urinary Tract Infections (ICU + select Wards)
CMS STARS REPORT,PERFORMANCE INFORMATION,SAFETY OF CARE,HAI_3,SSI - Colon Surgery
CMS STARS REPORT,PERFORMANCE INFORMATION,SAFETY OF CARE,HAI_4,SSI - Abdominal Hysterectomy
CMS STARS REPORT,PERFORMANCE INFORMATION,SAFETY OF CARE,HAI_5,MRSA Bacteremia
CMS STARS REPORT,PERFORMANCE INFORMATION,SAFETY OF CARE,HAI_6,Clostridium Difficile (C.Diff)
CMS STARS REPORT,PERFORMANCE INFORMATION,SAFETY OF CARE,PSI_90_SAFETY,Patient Safety and Adverse Events Composite
CMS STARS REPORT,PERFORMANCE INFORMATION,TIMELY AND EFFECTIVE CARE,ED_2B,Admit Decision Time to ED Departure Time for Admitted Patients
CMS STARS REPORT,PERFORMANCE INFORMATION,TIMELY AND EFFECTIVE CARE,HCP_COVID_19,Percentage of healthcare personnel who completed COVID-19 primary vaccination series
CMS STARS REPORT,PERFORMANCE INFORMATION,TIMELY AND EFFECTIVE CARE,IMM_3,Healthcare Personnel Influenza Vaccination
CMS STARS REPORT,PERFORMANCE INFORMATION,TIMELY AND EFFECTIVE CARE,OP_10,Abdomen CT - Use of Contrast Material
CMS STARS REPORT,PERFORMANCE INFORMATION,TIMELY AND EFFECTIVE CARE,OP_13,Cardiac Imaging for Preoperative Risk Assessment for Non-Cardiac Low-Risk Surgery
CMS STARS REPORT,PERFORMANCE INFORMATION,TIMELY AND EFFECTIVE CARE,OP_18B,Median Time from ED Arrival to ED Departure for Discharged ED Patients
CMS STARS REPORT,PERFORMANCE INFORMATION,TIMELY AND EFFECTIVE CARE,OP_22,Left without being seen
CMS STARS REPORT,PERFORMANCE INFORMATION,TIMELY AND EFFECTIVE CARE,OP_23,Head CT or MRI Scan Results for Acute Ischemic Stroke or Hemorrhagic Stroke Patients who Received Head CT or MRI Scan Interpretation Within 45 Minutes of Arrival
CMS STARS REPORT,PERFORMANCE INFORMATION,TIMELY AND EFFECTIVE CARE,OP_29,Appropriate Follow-Up Interval for Normal Colonoscopy in Average Risk Patients
CMS STARS REPORT,PERFORMANCE INFORMATION,TIMELY AND EFFECTIVE CARE,OP_30,Endoscopy/Polyp Surveillance: Colonoscopy Interval for Patients with a History of Adenomatous Polyps and Avoidance of Inappropriate Use
CMS STARS REPORT,PERFORMANCE INFORMATION,TIMELY AND EFFECTIVE CARE,OP_33,External Beam Radiotherapy for Bone Metastases
CMS STARS REPORT,PERFORMANCE INFORMATION,TIMELY AND EFFECTIVE CARE,OP_3B,Median Time to Transfer to Another Facility for Acute Coronary Intervention- Reporting Rate
CMS STARS REPORT,PERFORMANCE INFORMATION,TIMELY AND EFFECTIVE CARE,OP_8,MRI Lumbar Spine for Low Back Pain
CMS STARS REPORT,PERFORMANCE INFORMATION,TIMELY AND EFFECTIVE CARE,PC_01,Elective Delivery Prior to 39 Completed Weeks Gestation: Percentage of Babies Electively Delivered Prior to 39 Completed Weeks Gestation
CMS STARS REPORT,PERFORMANCE INFORMATION,TIMELY AND EFFECTIVE CARE,SAFE_USE_OF_OPIOIDS,Safe use of Popioids - Concurrent Prescribing
CMS STARS REPORT,PERFORMANCE INFORMATION,TIMELY AND EFFECTIVE CARE,SEP_1,Severe Sepsis and Septic Shock
HOSPITAL READMISSION REDUCTION PROGRAM,PERFORMANCE INFORMATION,AMI,AMI_EXCESS_READMISSION_RATIO,EXCESS READMISSION RATIO
HOSPITAL READMISSION REDUCTION PROGRAM,PERFORMANCE INFORMATION,AMI,AMI_PENALTY_INDICATOR,PENALTY INDICATOR
HOSPITAL READMISSION REDUCTION PROGRAM,PERFORMANCE INFORMATION,CABG,CABG_EXCESS_READMISSION_RATIO,EXCESS READMISSION RATIO
HOSPITAL READMISSION REDUCTION PROGRAM,PERFORMANCE INFORMATION,CABG,CABG_PENALTY_INDICATOR,PENALTY INDICATOR
HOSPITAL READMISSION REDUCTION PROGRAM,PERFORMANCE INFORMATION,COPD,COPD_EXCESS_READMISSION_RATIO,EXCESS READMISSION RATIO
HOSPITAL READMISSION REDUCTION PROGRAM,PERFORMANCE INFORMATION,COPD,COPD_PENALTY_INDICATOR,PENALTY INDICATOR
HOSPITAL READMISSION REDUCTION PROGRAM,PERFORMANCE INFORMATION,HF,HF_EXCESS_READMISSION_RATIO,EXCESS READMISSION RATIO
HOSPITAL READMISSION REDUCTION PROGRAM,PERFORMANCE INFORMATION,HF,HF_PENALTY_INDICATOR,PENALTY INDICATOR
HOSPITAL READMISSION REDUCTION PROGRAM,PERFORMANCE INFORMATION,PAYMENT ADJUSTMENT FACTOR,PAYMENT_ADJUSTMENT_FACTOR_PAYMENT_ADJUSTMENT_FACTOR,PAYMENT ADJUSTMENT FACTOR
HOSPITAL READMISSION REDUCTION PROGRAM,PERFORMANCE INFORMATION,PAYMENT REDUCTION PERCENTAGE,PAYMENT_REDUCTION_PERCENTAGE_PAYMENT_REDUCTION_PERCENTAGE,PAYMENT REDUCTION PERCENTAGE
HOSPITAL READMISSION REDUCTION PROGRAM,PERFORMANCE INFORMATION,PNEUMONIA,PNEUMONIA_EXCESS_READMISSION_RATIO,EXCESS READMISSION RATIO
HOSPITAL READMISSION REDUCTION PROGRAM,PERFORMANCE INFORMATION,PNEUMONIA,PNEUMONIA_PENALTY_INDICATOR,PENALTY INDICATOR
HOSPITAL READMISSION REDUCTION PROGRAM,PERFORMANCE INFORMATION,THA/TKA,THA/TKA_EXCESS_READMISSION_RATIO,EXCESS READMISSION RATIO
HOSPITAL READMISSION REDUCTION PROGRAM,PERFORMANCE INFORMATION,THA/TKA,THA/TKA_PENALTY_INDICATOR,PENALTY INDICATOR
HOSPITAL VALUE-BASED PURCHASING PROGRAM,PERFORMANCE INFORMATION - CLINICAL,AMI,MORT30AMI_MEASURE_SCORE,MEASURE SCORE
HOSPITAL VALUE-BASED PURCHASING PROGRAM,PERFORMANCE INFORMATION - CLINICAL,AMI,MORT30AMI_PERFORMANCE_RATE,PERFORMANCE RATE
HOSPITAL VALUE-BASED PURCHASING PROGRAM,PERFORMANCE INFORMATION - CLINICAL,CABG,MORT30CABG_MEASURE_SCORE,MEASURE SCORE
HOSPITAL VALUE-BASED PURCHASING PROGRAM,PERFORMANCE INFORMATION - CLINICAL,CABG,MORT30CABG_PERFORMANCE_RATE,PERFORMANCE RATE
HOSPITAL VALUE-BASED PURCHASING PROGRAM,PERFORMANCE INFORMATION - CLINICAL,COMPHIPKNEE,COMPHIPKNEE_MEASURE_SCORE,MEASURE SCORE
HOSPITAL VALUE-BASED PURCHASING PROGRAM,PERFORMANCE INFORMATION - CLINICAL,COMPHIPKNEE,COMPHIPKNEE_PERFORMANCE_RATE,PERFORMANCE RATE
HOSPITAL VALUE-BASED PURCHASING PROGRAM,PERFORMANCE INFORMATION - CLINICAL,COPD,MORT30COPD_MEASURE_SCORE,MEASURE SCORE
HOSPITAL VALUE-BASED PURCHASING PROGRAM,PERFORMANCE INFORMATION - CLINICAL,COPD,MORT30COPD_PERFORMANCE_RATE,PERFORMANCE RATE
HOSPITAL VALUE-BASED PURCHASING PROGRAM,PERFORMANCE INFORMATION - CLINICAL,HF,MORT30HF_MEASURE_SCORE,MEASURE SCORE
HOSPITAL VALUE-BASED PURCHASING PROGRAM,PERFORMANCE INFORMATION - CLINICAL,HF,MORT30HF_PERFORMANCE_RATE,PERFORMANCE RATE
HOSPITAL VALUE-BASED PURCHASING PROGRAM,PERFORMANCE INFORMATION - CLINICAL,PNEUMONIA,MORT30PN_MEASURE_SCORE,MEASURE SCORE
HOSPITAL VALUE-BASED PURCHASING PROGRAM,PERFORMANCE INFORMATION - CLINICAL,PNEUMONIA,MORT30PN_PERFORMANCE_RATE,PERFORMANCE RATE
HOSPITAL VALUE-BASED PURCHASING PROGRAM,PERFORMANCE INFORMATION - EFFICIENCY,MSPB1,MSPB1_MEASURE_SCORE,MEASURE SCORE
HOSPITAL VALUE-BASED PURCHASING PROGRAM,PERFORMANCE INFORMATION - EFFICIENCY,MSPB1,MSPB1_PERFORMANCE_RATE,PERFORMANCE RATE
HOSPITAL VALUE-BASED PURCHASING PROGRAM,PERFORMANCE INFORMATION - PERSON AND COMMUNITY ENGAGEMENT DOMAIN SCORES HCAHPS,CARE TRANSITION,CARE_TRANSITION_DIMENSION_SCORE,MEASURE SCORE
HOSPITAL VALUE-BASED PURCHASING PROGRAM,PERFORMANCE INFORMATION - PERSON AND COMMUNITY ENGAGEMENT DOMAIN SCORES HCAHPS,CARE TRANSITION,CARE_TRANSITION_PERFORMANCE_RATE,PERFORMANCE RATE
HOSPITAL VALUE-BASED PURCHASING PROGRAM,PERFORMANCE INFORMATION - PERSON AND COMMUNITY ENGAGEMENT DOMAIN SCORES HCAHPS,CLEANLINESS AND QUIETNESS OF HOSPITAL ENVIRONMENT,CLEANLINESS_AND_QUIETNESS_OF_HOSPITAL_ENVIRONMENT_DIMENSION_AC68,MEASURE SCORE
HOSPITAL VALUE-BASED PURCHASING PROGRAM,PERFORMANCE INFORMATION - PERSON AND COMMUNITY ENGAGEMENT DOMAIN SCORES HCAHPS,CLEANLINESS AND QUIETNESS OF HOSPITAL ENVIRONMENT,CLEANLINESS_AND_QUIETNESS_OF_HOSPITAL_ENVIRONMENT_PERFORMAN_17EF,PERFORMANCE RATE
HOSPITAL VALUE-BASED PURCHASING PROGRAM,PERFORMANCE INFORMATION - PERSON AND COMMUNITY ENGAGEMENT DOMAIN SCORES HCAHPS,COMMUNICATION ABOUT MEDICINES,COMMUNICATION_ABOUT_MEDICINES_DIMENSION_SCORE,MEASURE SCORE
HOSPITAL VALUE-BASED PURCHASING PROGRAM,PERFORMANCE INFORMATION - PERSON AND COMMUNITY ENGAGEMENT DOMAIN SCORES HCAHPS,COMMUNICATION ABOUT MEDICINES,COMMUNICATION_ABOUT_MEDICINES_PERFORMANCE_RATE,PERFORMANCE RATE
HOSPITAL VALUE-BASED PURCHASING PROGRAM,PERFORMANCE INFORMATION - PERSON AND COMMUNITY ENGAGEMENT DOMAIN SCORES HCAHPS,COMMUNICATION WITH DOCTORS,COMMUNICATION_WITH_DOCTORS_DIMENSION_SCORE,MEASURE SCORE
HOSPITAL VALUE-BASED PURCHASING PROGRAM,PERFORMANCE INFORMATION - PERSON AND COMMUNITY ENGAGEMENT DOMAIN SCORES HCAHPS,COMMUNICATION WITH DOCTORS,COMMUNICATION_WITH_DOCTORS_PERFORMANCE_RATE,PERFORMANCE RATE
HOSPITAL VALUE-BASED PURCHASING PROGRAM,PERFORMANCE INFORMATION - PERSON AND COMMUNITY ENGAGEMENT DOMAIN SCORES HCAHPS,COMMUNICATION WITH NURSES,COMMUNICATION_WITH_NURSES_DIMENSION_SCORE,MEASURE SCORE
HOSPITAL VALUE-BASED PURCHASING PROGRAM,PERFORMANCE INFORMATION - PERSON AND COMMUNITY ENGAGEMENT DOMAIN SCORES HCAHPS,COMMUNICATION WITH NURSES,COMMUNICATION_WITH_NURSES_PERFORMANCE_RATE,PERFORMANCE RATE
HOSPITAL VALUE-BASED PURCHASING PROGRAM,PERFORMANCE INFORMATION - PERSON AND COMMUNITY ENGAGEMENT DOMAIN SCORES HCAHPS,DISCHARGE INFORMATION,DISCHARGE_INFORMATION_DIMENSION_SCORE,MEASURE SCORE
HOSPITAL VALUE-BASED PURCHASING PROGRAM,PERFORMANCE INFORMATION - PERSON AND COMMUNITY ENGAGEMENT DOMAIN SCORES HCAHPS,DISCHARGE INFORMATION,DISCHARGE_INFORMATION_PERFORMANCE_RATE,PERFORMANCE RATE
HOSPITAL VALUE-BASED PURCHASING PROGRAM,PERFORMANCE INFORMATION - PERSON AND COMMUNITY ENGAGEMENT DOMAIN SCORES HCAHPS,OVERALL RATING OF HOSPITAL,OVERALL_RATING_OF_HOSPITAL_DIMENSION_SCORE,MEASURE SCORE
HOSPITAL VALUE-BASED PURCHASING PROGRAM,PERFORMANCE INFORMATION - PERSON AND COMMUNITY ENGAGEMENT DOMAIN SCORES HCAHPS,OVERALL RATING OF HOSPITAL,OVERALL_RATING_OF_HOSPITAL_PERFORMANCE_RATE,PERFORMANCE RATE
HOSPITAL VALUE-BASED PURCHASING PROGRAM,PERFORMANCE INFORMATION - PERSON AND COMMUNITY ENGAGEMENT DOMAIN SCORES HCAHPS,RESPONSIVENESS OF HOSPITAL STAFF,RESPONSIVENESS_OF_HOSPITAL_STAFF_DIMENSION_SCORE,MEASURE SCORE
HOSPITAL VALUE-BASED PURCHASING PROGRAM,PERFORMANCE INFORMATION - PERSON AND COMMUNITY ENGAGEMENT DOMAIN SCORES HCAHPS,RESPONSIVENESS OF HOSPITAL STAFF,RESPONSIVENESS_OF_HOSPITAL_STAFF_PERFORMANCE_RATE,PERFORMANCE RATE
HOSPITAL VALUE-BASED PURCHASING PROGRAM,PERFORMANCE INFORMATION - SAFETY,HAI_1,HAI1_MEASURE_SCORE,MEASURE SCORE
HOSPITAL VALUE-BASED PURCHASING PROGRAM,PERFORMANCE INFORMATION - SAFETY,HAI_1,HAI1_PERFORMANCE_RATE,PERFORMANCE RATE
HOSPITAL VALUE-BASED PURCHASING PROGRAM,PERFORMANCE INFORMATION - SAFETY,HAI_2,HAI2_MEASURE_SCORE,MEASURE SCORE
HOSPITAL VALUE-BASED PURCHASING PROGRAM,PERFORMANCE INFORMATION - SAFETY,HAI_2,HAI2_PERFORMANCE_RATE,PERFORMANCE RATE
HOSPITAL VALUE-BASED PURCHASING PROGRAM,PERFORMANCE INFORMATION - SAFETY,HAI_3,HAI3_MEASURE_SCORE,MEASURE SCORE
HOSPITAL VALUE-BASED PURCHASING PROGRAM,PERFORMANCE INFORMATION - SAFETY,HAI_3,HAI3_PERFORMANCE_RATE,PERFORMANCE RATE
HOSPITAL VALUE-BASED PURCHASING PROGRAM,PERFORMANCE INFORMATION - SAFETY,HAI_4,HAI4_MEASURE_SCORE,MEASURE SCORE
HOSPITAL VALUE-BASED PURCHASING PROGRAM,PERFORMANCE INFORMATION - SAFETY,HAI_4,HAI4_PERFORMANCE_RATE,PERFORMANCE RATE
HOSPITAL VALUE-BASED PURCHASING PROGRAM,PERFORMANCE INFORMATION - SAFETY,HAI_5,HAI5_MEASURE_SCORE,MEASURE SCORE
HOSPITAL VALUE-BASED PURCHASING PROGRAM,PERFORMANCE INFORMATION - SAFETY,HAI_5,HAI5_PERFORMANCE_RATE,PERFORMANCE RATE
HOSPITAL VALUE-BASED PURCHASING PROGRAM,PERFORMANCE INFORMATION - SAFETY,HAI_6,HAI6_MEASURE_SCORE,MEASURE SCORE
HOSPITAL VALUE-BASED PURCHASING PROGRAM,PERFORMANCE INFORMATION - SAFETY,HAI_6,HAI6_PERFORMANCE_RATE,PERFORMANCE RATE
HOSPITAL VALUE-BASED PURCHASING PROGRAM,PERFORMANCE INFORMATION - SAFETY,SEP_1,SEP1_MEASURE_SCORE,MEASURE SCORE
HOSPITAL VALUE-BASED PURCHASING PROGRAM,PERFORMANCE INFORMATION - SAFETY,SEP_1,SEP1_PERFORMANCE_RATE,PERFORMANCE RATE
HOSPITAL VALUE-BASED PURCHASING PROGRAM,PERFORMANCE INFORMATION - SAFETY,SSI,COMBINED_SSI_MEASURE_SCORE,MEASURE SCORE
HOSPITAL-ACQUIRED CONDITIONS PROGRAM (HAC),PERFORMANCE INFORMATION,HOSPITAL ACQUIRED INFECTIONS,HAI_1,HAI_1
HOSPITAL-ACQUIRED CONDITIONS PROGRAM (HAC),PERFORMANCE INFORMATION,HOSPITAL ACQUIRED INFECTIONS,HAI_2,HAI_2
HOSPITAL-ACQUIRED CONDITIONS PROGRAM (HAC),PERFORMANCE INFORMATION,HOSPITAL ACQUIRED INFECTIONS,HAI_5,HAI_5
HOSPITAL-ACQUIRED CONDITIONS PROGRAM (HAC),PERFORMANCE INFORMATION,HOSPITAL ACQUIRED INFECTIONS,HAI_6,HAI_6
HOSPITAL-ACQUIRED CONDITIONS PROGRAM (HAC),PERFORMANCE INFORMATION,HOSPITAL ACQUIRED INFECTIONS,HAI_SSI,HAI_SSI
HOSPITAL-ACQUIRED CONDITIONS PROGRAM (HAC),PERFORMANCE INFORMATION,PATIENT SAFETY INDICATOR,PSI_90_SAFETY,PSI_90_SAFETY
HOSPITAL-ACQUIRED CONDITIONS PROGRAM (HAC),PERFORMANCE INFORMATION,TOTAL_HAC_SCORE,TOTAL_HAC_SCORE,TOTAL_HAC_SCORE
LEAPFROG,PERFORMANCE INFORMATION,OUTCOMES,Air Emb,Air Embolism
LEAPFROG,PERFORMANCE INFORMATION,OUTCOMES,Domain Score,Domain Score
LEAPFROG,PERFORMANCE INFORMATION,OUTCOMES,Falls,Falls and Trauma
LEAPFROG,PERFORMANCE INFORMATION,OUTCOMES,For. Obj.,Foreign Object Retained
LEAPFROG,PERFORMANCE INFORMATION,OUTCOMES,HAI_1,CLABSI
LEAPFROG,PERFORMANCE INFORMATION,OUTCOMES,HAI_2,CAUTI
LEAPFROG,PERFORMANCE INFORMATION,OUTCOMES,HAI_3,SSI: Colon
LEAPFROG,PERFORMANCE INFORMATION,OUTCOMES,HAI_5,MRSA
LEAPFROG,PERFORMANCE INFORMATION,OUTCOMES,HAI_6,C. Diff.
LEAPFROG,PERFORMANCE INFORMATION,OUTCOMES,PSI_11,PSI 11: Postoperative Respiratory Failure Rate
LEAPFROG,PERFORMANCE INFORMATION,OUTCOMES,PSI_12,PSI 12: Perioperative PE/DVT Rate
LEAPFROG,PERFORMANCE INFORMATION,OUTCOMES,PSI_14,PSI 14: Postoperative Wound Dehiscence Rate
LEAPFROG,PERFORMANCE INFORMATION,OUTCOMES,PSI_15,PSI 15: Abdominopelvic Accidental Puncture/Laceration Rate
LEAPFROG,PERFORMANCE INFORMATION,OUTCOMES,PSI_3,PSI 3: Pressure Ulcer Rate
LEAPFROG,PERFORMANCE INFORMATION,OUTCOMES,PSI_4,PSI 4: Death rate among surgical inpatients with serious treatable conditions
LEAPFROG,PERFORMANCE INFORMATION,OUTCOMES,PSI_6,PSI 6: Iatrogenic Pneumothorax Rate
LEAPFROG,PERFORMANCE INFORMATION,OUTCOMES,PSI_90_SAFETY,CMS Medicare PSI 90: Patient safety and adverse events composite
LEAPFROG,PERFORMANCE INFORMATION,PROCESS/STRUCTURAL,BCMA,Bar Code Medication Administration (BCMA)
LEAPFROG,PERFORMANCE INFORMATION,PROCESS/STRUCTURAL,CPOE,Computerized Physician Order Entry (CPOE)
LEAPFROG,PERFORMANCE INFORMATION,PROCESS/STRUCTURAL,Domain Score,Domain Score
LEAPFROG,PERFORMANCE INFORMATION,PROCESS/STRUCTURAL,H_COMP_1,H-COMP-1: Nurse Communication
LEAPFROG,PERFORMANCE INFORMATION,PROCESS/STRUCTURAL,H_COMP_2,H-COMP-2: Doctor Communication
LEAPFROG,PERFORMANCE INFORMATION,PROCESS/STRUCTURAL,H_COMP_3,H-COMP-3: Staff Responsiveness
LEAPFROG,PERFORMANCE INFORMATION,PROCESS/STRUCTURAL,H_COMP_5,H-COMP-5: Communication about Medicines
LEAPFROG,PERFORMANCE INFORMATION,PROCESS/STRUCTURAL,H_COMP_6,H-COMP-6: Discharge Information
LEAPFROG,PERFORMANCE INFORMATION,PROCESS/STRUCTURAL,Hand Hygiene,Hand Hygiene
LEAPFROG,PERFORMANCE INFORMATION,PROCESS/STRUCTURAL,ICU Staffing,ICU Physician Staffing (IPS)
LEAPFROG,PERFORMANCE INFORMATION,PROCESS/STRUCTURAL,Nursing Care Hours,Total Nursing Care Hours per Patient Day
LEAPFROG,PERFORMANCE INFORMATION,PROCESS/STRUCTURAL,SP1,Safe Practice 1: Culture of Leadership Structures and Systems
LEAPFROG,PERFORMANCE INFORMATION,PROCESS/STRUCTURAL,SP2,"Safe Practice 2: Culture Measurement, Feedback, & Intervention"
LEAPFROG,PERFORMANCE INFORMATION,PROCESS/STRUCTURAL,SP9,Nursing Workforce
LEAPFROG,PERFORMANCE INFORMATION,RAW SCORE,Raw Score,Raw Score
LEAPFROG,PERFORMANCE OVERVIEW,OUTCOMES,DOMAIN SCORE,Domain Score
LEAPFROG,PERFORMANCE OVERVIEW,PROCESS/STRUCTURAL,DOMAIN SCORE,Domain Score
USNWR - Adult Specialties,PERFORMANCE INFORMATION,CANCER SPECIALTY,ACCREDITED_BY_FACT,ACCREDITED_BY_FACT
USNWR - Adult Specialties,PERFORMANCE INFORMATION,CANCER SPECIALTY,ADVANCED_TECHNOLOGIES,ADVANCED_TECHNOLOGIES
USNWR - Adult Specialties,PERFORMANCE INFORMATION,CANCER SPECIALTY,CURRENT_AHA_RESPONDER,CURRENT_AHA_RESPONDER
USNWR - Adult Specialties,PERFORMANCE INFORMATION,CANCER SPECIALTY,DOMAIN SCORE,Domain Score
USNWR - Adult Specialties,PERFORMANCE INFORMATION,CANCER SPECIALTY,EXPERT_OPINION,EXPERT_OPINION
USNWR - Adult Specialties,PERFORMANCE INFORMATION,CANCER SPECIALTY,INTENSIVISTS,INTENSIVISTS
USNWR - Adult Specialties,PERFORMANCE INFORMATION,CANCER SPECIALTY,NCI-DESIGNATED_CANCER_CENTER,NCI-DESIGNATED_CANCER_CENTER
USNWR - Adult Specialties,PERFORMANCE INFORMATION,CANCER SPECIALTY,NUMBER_OF_PATIENTS,NUMBER_OF_PATIENTS
USNWR - Adult Specialties,PERFORMANCE INFORMATION,CANCER SPECIALTY,NURSE_STAFFING,NURSE_STAFFING
USNWR - Adult Specialties,PERFORMANCE INFORMATION,CANCER SPECIALTY,PATIENT_EXPERIENCE,PATIENT_EXPERIENCE
USNWR - Adult Specialties,PERFORMANCE INFORMATION,CANCER SPECIALTY,PATIENT_SERVICES,PATIENT_SERVICES
USNWR - Adult Specialties,PERFORMANCE INFORMATION,CANCER SPECIALTY,PATIENTS_DISCHARGED_HOME,PATIENTS_DISCHARGED_HOME
USNWR - Adult Specialties,PERFORMANCE INFORMATION,CANCER SPECIALTY,RECOGNIZED_AS_NURSE_MAGNET_HOSPITAL,RECOGNIZED_AS_NURSE_MAGNET_HOSPITAL
USNWR - Adult Specialties,PERFORMANCE INFORMATION,CANCER SPECIALTY,SURVIVAL,SURVIVAL
USNWR - Adult Specialties,PERFORMANCE INFORMATION,CARDIOLOGY SPECIALTY,ACC/GWTG_TRANSPARENCY,ACC/GWTG_TRANSPARENCY
USNWR - Adult Specialties,PERFORMANCE INFORMATION,CARDIOLOGY SPECIALTY,ADVANCED_TECHNOLOGIES,ADVANCED_TECHNOLOGIES
USNWR - Adult Specialties,PERFORMANCE INFORMATION,CARDIOLOGY SPECIALTY,CURRENT_AHA_RESPONDER,CURRENT_AHA_RESPONDER
USNWR - Adult Specialties,PERFORMANCE INFORMATION,CARDIOLOGY SPECIALTY,DOMAIN SCORE,Domain Score
USNWR - Adult Specialties,PERFORMANCE INFORMATION,CARDIOLOGY SPECIALTY,EXPERT_OPINION,EXPERT_OPINION
USNWR - Adult Specialties,PERFORMANCE INFORMATION,CARDIOLOGY SPECIALTY,INTENSIVISTS,INTENSIVISTS
USNWR - Adult Specialties,PERFORMANCE INFORMATION,CARDIOLOGY SPECIALTY,NUMBER_OF_PATIENTS,NUMBER_OF_PATIENTS
USNWR - Adult Specialties,PERFORMANCE INFORMATION,CARDIOLOGY SPECIALTY,NURSE_STAFFING,NURSE_STAFFING
USNWR - Adult Specialties,PERFORMANCE INFORMATION,CARDIOLOGY SPECIALTY,PATIENT_EXPERIENCE,PATIENT_EXPERIENCE
USNWR - Adult Specialties,PERFORMANCE INFORMATION,CARDIOLOGY SPECIALTY,PATIENT_SERVICES,PATIENT_SERVICES
USNWR - Adult Specialties,PERFORMANCE INFORMATION,CARDIOLOGY SPECIALTY,PATIENTS_DISCHARGED_HOME,PATIENTS_DISCHARGED_HOME
USNWR - Adult Specialties,PERFORMANCE INFORMATION,CARDIOLOGY SPECIALTY,PUBLIC_TRANSPARENCY,PUBLIC_TRANSPARENCY
USNWR - Adult Specialties,PERFORMANCE INFORMATION,CARDIOLOGY SPECIALTY,RECOGNIZED_AS_NURSE_MAGNET_HOSPITAL,RECOGNIZED_AS_NURSE_MAGNET_HOSPITAL
USNWR - Adult Specialties,PERFORMANCE INFORMATION,CARDIOLOGY SPECIALTY,STS_TRANSPARENCY,STS_TRANSPARENCY
USNWR - Adult Specialties,PERFORMANCE INFORMATION,CARDIOLOGY SPECIALTY,SURVIVAL,SURVIVAL
USNWR - Adult Specialties,PERFORMANCE INFORMATION,CARDIOLOGY SPECIALTY,TRAUMA_CENTER,TRAUMA_CENTER
USNWR - Adult Specialties,PERFORMANCE INFORMATION,DIABETES SPECIALTY,ADVANCED_TECHNOLOGIES,ADVANCED_TECHNOLOGIES
USNWR - Adult Specialties,PERFORMANCE INFORMATION,DIABETES SPECIALTY,CURRENT_AHA_RESPONDER,CURRENT_AHA_RESPONDER
USNWR - Adult Specialties,PERFORMANCE INFORMATION,DIABETES SPECIALTY,DOMAIN SCORE,Domain Score
USNWR - Adult Specialties,PERFORMANCE INFORMATION,DIABETES SPECIALTY,EXPERT_OPINION,EXPERT_OPINION
USNWR - Adult Specialties,PERFORMANCE INFORMATION,DIABETES SPECIALTY,INTENSIVISTS,INTENSIVISTS
USNWR - Adult Specialties,PERFORMANCE INFORMATION,DIABETES SPECIALTY,NUMBER_OF_PATIENTS,NUMBER_OF_PATIENTS
USNWR - Adult Specialties,PERFORMANCE INFORMATION,DIABETES SPECIALTY,NURSE_STAFFING,NURSE_STAFFING
USNWR - Adult Specialties,PERFORMANCE INFORMATION,DIABETES SPECIALTY,PATIENT_EXPERIENCE,PATIENT_EXPERIENCE
USNWR - Adult Specialties,PERFORMANCE INFORMATION,DIABETES SPECIALTY,PATIENT_SERVICES,PATIENT_SERVICES
USNWR - Adult Specialties,PERFORMANCE INFORMATION,DIABETES SPECIALTY,PATIENTS_DISCHARGED_HOME,PATIENTS_DISCHARGED_HOME
USNWR - Adult Specialties,PERFORMANCE INFORMATION,DIABETES SPECIALTY,RECOGNIZED_AS_NURSE_MAGNET_HOSPITAL,RECOGNIZED_AS_NURSE_MAGNET_HOSPITAL
USNWR - Adult Specialties,PERFORMANCE INFORMATION,DIABETES SPECIALTY,SURVIVAL,SURVIVAL
USNWR - Adult Specialties,PERFORMANCE INFORMATION,"EAR, NOSE, and THROAT SPECIALTY",ADVANCED_TECHNOLOGIES,ADVANCED_TECHNOLOGIES
USNWR - Adult Specialties,PERFORMANCE INFORMATION,"EAR, NOSE, and THROAT SPECIALTY",CURRENT_AHA_RESPONDER,CURRENT_AHA_RESPONDER
USNWR - Adult Specialties,PERFORMANCE INFORMATION,"EAR, NOSE, and THROAT SPECIALTY",DOMAIN SCORE,Domain Score
USNWR - Adult Specialties,PERFORMANCE INFORMATION,"EAR, NOSE, and THROAT SPECIALTY",EXPERT_OPINION,EXPERT_OPINION
USNWR - Adult Specialties,PERFORMANCE INFORMATION,"EAR, NOSE, and THROAT SPECIALTY",INTENSIVISTS,INTENSIVISTS
USNWR - Adult Specialties,PERFORMANCE INFORMATION,"EAR, NOSE, and THROAT SPECIALTY",NUMBER_OF_PATIENTS,NUMBER_OF_PATIENTS
USNWR - Adult Specialties,PERFORMANCE INFORMATION,"EAR, NOSE, and THROAT SPECIALTY",NURSE_STAFFING,NURSE_STAFFING
USNWR - Adult Specialties,PERFORMANCE INFORMATION,"EAR, NOSE, and THROAT SPECIALTY",PATIENT_EXPERIENCE,PATIENT_EXPERIENCE
USNWR - Adult Specialties,PERFORMANCE INFORMATION,"EAR, NOSE, and THROAT SPECIALTY",PATIENT_SERVICES,PATIENT_SERVICES
USNWR - Adult Specialties,PERFORMANCE INFORMATION,"EAR, NOSE, and THROAT SPECIALTY",PATIENTS_DISCHARGED_HOME,PATIENTS_DISCHARGED_HOME
USNWR - Adult Specialties,PERFORMANCE INFORMATION,"EAR, NOSE, and THROAT SPECIALTY",PREVENTION_OF_OUTPATIENT_PROCEDURAL_COMPLICATIONS,PREVENTION_OF_OUTPATIENT_PROCEDURAL_COMPLICATIONS
USNWR - Adult Specialties,PERFORMANCE INFORMATION,"EAR, NOSE, and THROAT SPECIALTY",RECOGNIZED_AS_NURSE_MAGNET_HOSPITAL,RECOGNIZED_AS_NURSE_MAGNET_HOSPITAL
USNWR - Adult Specialties,PERFORMANCE INFORMATION,"EAR, NOSE, and THROAT SPECIALTY",SURVIVAL,SURVIVAL
USNWR - Adult Specialties,PERFORMANCE INFORMATION,GASTROENTEROLOGY SPECIALTY,ADVANCED_TECHNOLOGIES,ADVANCED_TECHNOLOGIES
USNWR - Adult Specialties,PERFORMANCE INFORMATION,GASTROENTEROLOGY SPECIALTY,CURRENT_AHA_RESPONDER,CURRENT_AHA_RESPONDER
USNWR - Adult Specialties,PERFORMANCE INFORMATION,GASTROENTEROLOGY SPECIALTY,DOMAIN SCORE,Domain Score
USNWR - Adult Specialties,PERFORMANCE INFORMATION,GASTROENTEROLOGY SPECIALTY,EXPERT_OPINION,EXPERT_OPINION
USNWR - Adult Specialties,PERFORMANCE INFORMATION,GASTROENTEROLOGY SPECIALTY,INTENSIVISTS,INTENSIVISTS
USNWR - Adult Specialties,PERFORMANCE INFORMATION,GASTROENTEROLOGY SPECIALTY,NUMBER_OF_PATIENTS,NUMBER_OF_PATIENTS
USNWR - Adult Specialties,PERFORMANCE INFORMATION,GASTROENTEROLOGY SPECIALTY,NURSE_STAFFING,NURSE_STAFFING
USNWR - Adult Specialties,PERFORMANCE INFORMATION,GASTROENTEROLOGY SPECIALTY,PATIENT_EXPERIENCE,PATIENT_EXPERIENCE
USNWR - Adult Specialties,PERFORMANCE INFORMATION,GASTROENTEROLOGY SPECIALTY,PATIENT_SERVICES,PATIENT_SERVICES
USNWR - Adult Specialties,PERFORMANCE INFORMATION,GASTROENTEROLOGY SPECIALTY,PATIENTS_DISCHARGED_HOME,PATIENTS_DISCHARGED_HOME
USNWR - Adult Specialties,PERFORMANCE INFORMATION,GASTROENTEROLOGY SPECIALTY,RECOGNIZED_AS_NURSE_MAGNET_HOSPITAL,RECOGNIZED_AS_NURSE_MAGNET_HOSPITAL
USNWR - Adult Specialties,PERFORMANCE INFORMATION,GASTROENTEROLOGY SPECIALTY,SURVIVAL,SURVIVAL
USNWR - Adult Specialties,PERFORMANCE INFORMATION,GASTROENTEROLOGY SPECIALTY,TRAUMA_CENTER,TRAUMA_CENTER
USNWR - Adult Specialties,PERFORMANCE INFORMATION,GERIATRICS SPECIALTY,CURRENT_AHA_RESPONDER,CURRENT_AHA_RESPONDER
USNWR - Adult Specialties,PERFORMANCE INFORMATION,GERIATRICS SPECIALTY,DOMAIN SCORE,Domain Score
USNWR - Adult Specialties,PERFORMANCE INFORMATION,GERIATRICS SPECIALTY,EXPERT_OPINION,EXPERT_OPINION
USNWR - Adult Specialties,PERFORMANCE INFORMATION,GERIATRICS SPECIALTY,INTENSIVISTS,INTENSIVISTS
USNWR - Adult Specialties,PERFORMANCE INFORMATION,GERIATRICS SPECIALTY,NIA-DESGINATED_ALZHEIMER'S_CENTER,NIA-DESGINATED_ALZHEIMER'S_CENTER
USNWR - Adult Specialties,PERFORMANCE INFORMATION,GERIATRICS SPECIALTY,NUMBER_OF_PATIENTS,NUMBER_OF_PATIENTS
USNWR - Adult Specialties,PERFORMANCE INFORMATION,GERIATRICS SPECIALTY,NURSE_STAFFING,NURSE_STAFFING
USNWR - Adult Specialties,PERFORMANCE INFORMATION,GERIATRICS SPECIALTY,PATIENT_EXPERIENCE,PATIENT_EXPERIENCE
USNWR - Adult Specialties,PERFORMANCE INFORMATION,GERIATRICS SPECIALTY,PATIENT_SERVICES,PATIENT_SERVICES
USNWR - Adult Specialties,PERFORMANCE INFORMATION,GERIATRICS SPECIALTY,PATIENTS_DISCHARGED_HOME,PATIENTS_DISCHARGED_HOME
USNWR - Adult Specialties,PERFORMANCE INFORMATION,GERIATRICS SPECIALTY,RECOGNIZED_AS_NURSE_MAGNET_HOSPITAL,RECOGNIZED_AS_NURSE_MAGNET_HOSPITAL
USNWR - Adult Specialties,PERFORMANCE INFORMATION,GERIATRICS SPECIALTY,SURVIVAL,SURVIVAL
USNWR - Adult Specialties,PERFORMANCE INFORMATION,GYNECOLOGY SPECIALTY,ADVANCED_TECHNOLOGIES,ADVANCED_TECHNOLOGIES
USNWR - Adult Specialties,PERFORMANCE INFORMATION,GYNECOLOGY SPECIALTY,CURRENT_AHA_RESPONDER,CURRENT_AHA_RESPONDER
USNWR - Adult Specialties,PERFORMANCE INFORMATION,GYNECOLOGY SPECIALTY,DOMAIN SCORE,Domain Score
USNWR - Adult Specialties,PERFORMANCE INFORMATION,GYNECOLOGY SPECIALTY,EXPERT_OPINION,EXPERT_OPINION
USNWR - Adult Specialties,PERFORMANCE INFORMATION,GYNECOLOGY SPECIALTY,INTENSIVISTS,INTENSIVISTS
USNWR - Adult Specialties,PERFORMANCE INFORMATION,GYNECOLOGY SPECIALTY,NUMBER_OF_PATIENTS,NUMBER_OF_PATIENTS
USNWR - Adult Specialties,PERFORMANCE INFORMATION,GYNECOLOGY SPECIALTY,NURSE_STAFFING,NURSE_STAFFING
USNWR - Adult Specialties,PERFORMANCE INFORMATION,GYNECOLOGY SPECIALTY,PATIENT_EXPERIENCE,PATIENT_EXPERIENCE
USNWR - Adult Specialties,PERFORMANCE INFORMATION,GYNECOLOGY SPECIALTY,PATIENT_SERVICES,PATIENT_SERVICES
USNWR - Adult Specialties,PERFORMANCE INFORMATION,GYNECOLOGY SPECIALTY,PATIENTS_DISCHARGED_HOME,PATIENTS_DISCHARGED_HOME
USNWR - Adult Specialties,PERFORMANCE INFORMATION,GYNECOLOGY SPECIALTY,RECOGNIZED_AS_NURSE_MAGNET_HOSPITAL,RECOGNIZED_AS_NURSE_MAGNET_HOSPITAL
USNWR - Adult Specialties,PERFORMANCE INFORMATION,GYNECOLOGY SPECIALTY,SURVIVAL,SURVIVAL
USNWR - Adult Specialties,PERFORMANCE INFORMATION,NEUROLOGY SPECIALTY,ADVANCED_TECHNOLOGIES,ADVANCED_TECHNOLOGIES
USNWR - Adult Specialties,PERFORMANCE INFORMATION,NEUROLOGY SPECIALTY,CURRENT_AHA_RESPONDER,CURRENT_AHA_RESPONDER
USNWR - Adult Specialties,PERFORMANCE INFORMATION,NEUROLOGY SPECIALTY,DOMAIN SCORE,Domain Score
USNWR - Adult Specialties,PERFORMANCE INFORMATION,NEUROLOGY SPECIALTY,EXPERT_OPINION,EXPERT_OPINION
USNWR - Adult Specialties,PERFORMANCE INFORMATION,NEUROLOGY SPECIALTY,INTENSIVISTS,INTENSIVISTS
USNWR - Adult Specialties,PERFORMANCE INFORMATION,NEUROLOGY SPECIALTY,NAEC-DESIGNATED_EPILEPSY_CENTER,NAEC-DESIGNATED_EPILEPSY_CENTER
USNWR - Adult Specialties,PERFORMANCE INFORMATION,NEUROLOGY SPECIALTY,NIA-DESIGNATED_ALZHEIMER'S_CENTER,NIA-DESIGNATED_ALZHEIMER'S_CENTER
USNWR - Adult Specialties,PERFORMANCE INFORMATION,NEUROLOGY SPECIALTY,NUMBER_OF_PATIENTS,NUMBER_OF_PATIENTS
USNWR - Adult Specialties,PERFORMANCE INFORMATION,NEUROLOGY SPECIALTY,NURSE_STAFFING,NURSE_STAFFING
USNWR - Adult Specialties,PERFORMANCE INFORMATION,NEUROLOGY SPECIALTY,PATIENT_EXPERIENCE,PATIENT_EXPERIENCE
USNWR - Adult Specialties,PERFORMANCE INFORMATION,NEUROLOGY SPECIALTY,PATIENT_SERVICES,PATIENT_SERVICES
USNWR - Adult Specialties,PERFORMANCE INFORMATION,NEUROLOGY SPECIALTY,PATIENTS_DISCHARGED_HOME,PATIENTS_DISCHARGED_HOME
USNWR - Adult Specialties,PERFORMANCE INFORMATION,NEUROLOGY SPECIALTY,PUBLIC_TRANSPARENCY,PUBLIC_TRANSPARENCY
USNWR - Adult Specialties,PERFORMANCE INFORMATION,NEUROLOGY SPECIALTY,RECOGNIZED_AS_NURSE_MAGNET_HOSPITAL,RECOGNIZED_AS_NURSE_MAGNET_HOSPITAL
USNWR - Adult Specialties,PERFORMANCE INFORMATION,NEUROLOGY SPECIALTY,SURVIVAL,SURVIVAL
USNWR - Adult Specialties,PERFORMANCE INFORMATION,NEUROLOGY SPECIALTY,TRAUMA_CENTER,TRAUMA_CENTER
USNWR - Adult Specialties,PERFORMANCE INFORMATION,ORTHOPEDICS SPECIALTY,ADVANCED_TECHNOLOGIES,ADVANCED_TECHNOLOGIES
USNWR - Adult Specialties,PERFORMANCE INFORMATION,ORTHOPEDICS SPECIALTY,CURRENT_AHA_RESPONDER,CURRENT_AHA_RESPONDER
USNWR - Adult Specialties,PERFORMANCE INFORMATION,ORTHOPEDICS SPECIALTY,DOMAIN SCORE,Domain Score
USNWR - Adult Specialties,PERFORMANCE INFORMATION,ORTHOPEDICS SPECIALTY,EXPERT_OPINION,EXPERT_OPINION
USNWR - Adult Specialties,PERFORMANCE INFORMATION,ORTHOPEDICS SPECIALTY,INTENSIVISTS,INTENSIVISTS
USNWR - Adult Specialties,PERFORMANCE INFORMATION,ORTHOPEDICS SPECIALTY,NUMBER_OF_PATIENTS,NUMBER_OF_PATIENTS
USNWR - Adult Specialties,PERFORMANCE INFORMATION,ORTHOPEDICS SPECIALTY,NURSE_STAFFING,NURSE_STAFFING
USNWR - Adult Specialties,PERFORMANCE INFORMATION,ORTHOPEDICS SPECIALTY,PATIENT_EXPERIENCE,PATIENT_EXPERIENCE
USNWR - Adult Specialties,PERFORMANCE INFORMATION,ORTHOPEDICS SPECIALTY,PATIENT_SERVICES,PATIENT_SERVICES
USNWR - Adult Specialties,PERFORMANCE INFORMATION,ORTHOPEDICS SPECIALTY,PATIENTS_DISCHARGED_HOME,PATIENTS_DISCHARGED_HOME
USNWR - Adult Specialties,PERFORMANCE INFORMATION,ORTHOPEDICS SPECIALTY,PREVENTION_OF_OUTPATIENT_PROCEDURAL_COMPLICATIONS,PREVENTION_OF_OUTPATIENT_PROCEDURAL_COMPLICATIONS
USNWR - Adult Specialties,PERFORMANCE INFORMATION,ORTHOPEDICS SPECIALTY,RECOGNIZED_AS_NURSE_MAGNET_HOSPITAL,RECOGNIZED_AS_NURSE_MAGNET_HOSPITAL
USNWR - Adult Specialties,PERFORMANCE INFORMATION,ORTHOPEDICS SPECIALTY,SURVIVAL,SURVIVAL
USNWR - Adult Specialties,PERFORMANCE INFORMATION,ORTHOPEDICS SPECIALTY,TRAUMA_CENTER,TRAUMA_CENTER
USNWR - Adult Specialties,PERFORMANCE INFORMATION,PULMONOLOGY SPECIALTY,ADVANCED_TECHNOLOGIES,ADVANCED_TECHNOLOGIES
USNWR - Adult Specialties,PERFORMANCE INFORMATION,PULMONOLOGY SPECIALTY,CURRENT_AHA_RESPONDER,CURRENT_AHA_RESPONDER
USNWR - Adult Specialties,PERFORMANCE INFORMATION,PULMONOLOGY SPECIALTY,DOMAIN SCORE,Domain Score
USNWR - Adult Specialties,PERFORMANCE INFORMATION,PULMONOLOGY SPECIALTY,EXPERT_OPINION,EXPERT_OPINION
USNWR - Adult Specialties,PERFORMANCE INFORMATION,PULMONOLOGY SPECIALTY,INTENSIVISTS,INTENSIVISTS
USNWR - Adult Specialties,PERFORMANCE INFORMATION,PULMONOLOGY SPECIALTY,NUMBER_OF_PATIENTS,NUMBER_OF_PATIENTS
USNWR - Adult Specialties,PERFORMANCE INFORMATION,PULMONOLOGY SPECIALTY,NURSE_STAFFING,NURSE_STAFFING
USNWR - Adult Specialties,PERFORMANCE INFORMATION,PULMONOLOGY SPECIALTY,PATIENT_EXPERIENCE,PATIENT_EXPERIENCE
USNWR - Adult Specialties,PERFORMANCE INFORMATION,PULMONOLOGY SPECIALTY,PATIENT_SERVICES,PATIENT_SERVICES
USNWR - Adult Specialties,PERFORMANCE INFORMATION,PULMONOLOGY SPECIALTY,PATIENTS_DISCHARGED_HOME,PATIENTS_DISCHARGED_HOME
USNWR - Adult Specialties,PERFORMANCE INFORMATION,PULMONOLOGY SPECIALTY,PUBLIC_TRANSPARENCY,PUBLIC_TRANSPARENCY
USNWR - Adult Specialties,PERFORMANCE INFORMATION,PULMONOLOGY SPECIALTY,RECOGNIZED_AS_NURSE_MAGNET_HOSPITAL,RECOGNIZED_AS_NURSE_MAGNET_HOSPITAL
USNWR - Adult Specialties,PERFORMANCE INFORMATION,PULMONOLOGY SPECIALTY,SURVIVAL,SURVIVAL
USNWR - Adult Specialties,PERFORMANCE INFORMATION,PULMONOLOGY SPECIALTY,TRAUMA_CENTER,TRAUMA_CENTER
USNWR - Adult Specialties,PERFORMANCE INFORMATION,REHABILITATION SPECIALTY,ADVANCED_TECHNOLOGIES,ADVANCED_TECHNOLOGIES
USNWR - Adult Specialties,PERFORMANCE INFORMATION,REHABILITATION SPECIALTY,CARF_ACCREDITATION,CARF_ACCREDITATION
USNWR - Adult Specialties,PERFORMANCE INFORMATION,REHABILITATION SPECIALTY,CURRENT_AHA_RESPONDER,CURRENT_AHA_RESPONDER
USNWR - Adult Specialties,PERFORMANCE INFORMATION,REHABILITATION SPECIALTY,DESIGNATED_AS_REHABILITATION_INNOVATION_CENTER,DESIGNATED_AS_REHABILITATION_INNOVATION_CENTER
USNWR - Adult Specialties,PERFORMANCE INFORMATION,REHABILITATION SPECIALTY,DOMAIN SCORE,Domain Score
USNWR - Adult Specialties,PERFORMANCE INFORMATION,REHABILITATION SPECIALTY,EXPERT_OPINION,EXPERT_OPINION
USNWR - Adult Specialties,PERFORMANCE INFORMATION,REHABILITATION SPECIALTY,EXTERNAL_ACCREDITATION_FROM_MODEL_SYSTEMS_AND_CARF,EXTERNAL_ACCREDITATION_FROM_MODEL_SYSTEMS_AND_CARF
USNWR - Adult Specialties,PERFORMANCE INFORMATION,REHABILITATION SPECIALTY,FLU_VACCINATION_RATE,FLU_VACCINATION_RATE
USNWR - Adult Specialties,PERFORMANCE INFORMATION,REHABILITATION SPECIALTY,MODEL_SYSTEM_IN_BURN_INJURY,MODEL_SYSTEM_IN_BURN_INJURY
USNWR - Adult Specialties,PERFORMANCE INFORMATION,REHABILITATION SPECIALTY,MODEL_SYSTEM_IN_SPINAL_INJURY,MODEL_SYSTEM_IN_SPINAL_INJURY
USNWR - Adult Specialties,PERFORMANCE INFORMATION,REHABILITATION SPECIALTY,MODEL_SYSTEMS_IN_BRAIN_INJURY,MODEL_SYSTEMS_IN_BRAIN_INJURY
USNWR - Adult Specialties,PERFORMANCE INFORMATION,REHABILITATION SPECIALTY,NUMBER_OF_MEDICARE_PATIENTS_TREATED_FOR_TRAUMATIC_SPINAL_CORD_INJURY,NUMBER_OF_MEDICARE_PATIENTS_TREATED_FOR_TRAUMATIC_SPINAL_CORD_INJURY
USNWR - Adult Specialties,PERFORMANCE INFORMATION,REHABILITATION SPECIALTY,NUMBER_OF_PATIENTS_TREATED_FOR_NEUROLOGICAL_CONDITIONS,NUMBER_OF_PATIENTS_TREATED_FOR_NEUROLOGICAL_CONDITIONS
USNWR - Adult Specialties,PERFORMANCE INFORMATION,REHABILITATION SPECIALTY,NUMBER_OF_PATIENTS_TREATED_FOR_NON-TRAUMATIC_BRAIN_INJURY,NUMBER_OF_PATIENTS_TREATED_FOR_NON-TRAUMATIC_BRAIN_INJURY
USNWR - Adult Specialties,PERFORMANCE INFORMATION,REHABILITATION SPECIALTY,NUMBER_OF_PATIENTS_TREATED_FOR_NON-TRAUMATIC_SPINAL_CORD_INJURY,NUMBER_OF_PATIENTS_TREATED_FOR_NON-TRAUMATIC_SPINAL_CORD_INJURY
USNWR - Adult Specialties,PERFORMANCE INFORMATION,REHABILITATION SPECIALTY,NUMBER_OF_PATIENTS_TREATED_FOR_STROKE,NUMBER_OF_PATIENTS_TREATED_FOR_STROKE
USNWR - Adult Specialties,PERFORMANCE INFORMATION,REHABILITATION SPECIALTY,NUMBER_OF_PATIENTS_TREATED_FOR_TRAUMATIC_BRAIN_INJURY,NUMBER_OF_PATIENTS_TREATED_FOR_TRAUMATIC_BRAIN_INJURY
USNWR - Adult Specialties,PERFORMANCE INFORMATION,REHABILITATION SPECIALTY,PATIENT_SERVICES,PATIENT_SERVICES
USNWR - Adult Specialties,PERFORMANCE INFORMATION,REHABILITATION SPECIALTY,PATIENTS_DISCHARGED_HOME,PATIENTS_DISCHARGED_HOME
USNWR - Adult Specialties,PERFORMANCE INFORMATION,REHABILITATION SPECIALTY,PREVENTION_OF_HOSPITAL_READMISSION_AFTER_DISCHARGE,PREVENTION_OF_HOSPITAL_READMISSION_AFTER_DISCHARGE
USNWR - Adult Specialties,PERFORMANCE INFORMATION,REHABILITATION SPECIALTY,PREVENTION_OF_HOSPITAL_READMISSION_DURING_REHABILITATION,PREVENTION_OF_HOSPITAL_READMISSION_DURING_REHABILITATION
USNWR - Adult Specialties,PERFORMANCE INFORMATION,UROLOGY SPECIALTY,ADVANCED_TECHNOLOGIES,ADVANCED_TECHNOLOGIES
USNWR - Adult Specialties,PERFORMANCE INFORMATION,UROLOGY SPECIALTY,CURRENT_AHA_RESPONDER,CURRENT_AHA_RESPONDER
USNWR - Adult Specialties,PERFORMANCE INFORMATION,UROLOGY SPECIALTY,DOMAIN SCORE,Domain Score
USNWR - Adult Specialties,PERFORMANCE INFORMATION,UROLOGY SPECIALTY,EXPERT_OPINION,EXPERT_OPINION
USNWR - Adult Specialties,PERFORMANCE INFORMATION,UROLOGY SPECIALTY,INTENSIVISTS,INTENSIVISTS
USNWR - Adult Specialties,PERFORMANCE INFORMATION,UROLOGY SPECIALTY,NUMBER_OF_PATIENTS,NUMBER_OF_PATIENTS
USNWR - Adult Specialties,PERFORMANCE INFORMATION,UROLOGY SPECIALTY,NURSE_STAFFING,NURSE_STAFFING
USNWR - Adult Specialties,PERFORMANCE INFORMATION,UROLOGY SPECIALTY,PATIENT_EXPERIENCE,PATIENT_EXPERIENCE
USNWR - Adult Specialties,PERFORMANCE INFORMATION,UROLOGY SPECIALTY,PATIENT_SERVICES,PATIENT_SERVICES
USNWR - Adult Specialties,PERFORMANCE INFORMATION,UROLOGY SPECIALTY,PATIENTS_DISCHARGED_HOME,PATIENTS_DISCHARGED_HOME
USNWR - Adult Specialties,PERFORMANCE INFORMATION,UROLOGY SPECIALTY,RECOGNIZED_AS_NURSE_MAGNET_HOSPITAL,RECOGNIZED_AS_NURSE_MAGNET_HOSPITAL
USNWR - Adult Specialties,PERFORMANCE INFORMATION,UROLOGY SPECIALTY,SURVIVAL,SURVIVAL
USNWR - Adult Specialties,PERFORMANCE INFORMATION,UROLOGY SPECIALTY,TRAUMA_CENTER,TRAUMA_CENTER
USNWR - Pediatric Specialties,PERFORMANCE INFORMATION,CANCER SPECIALTY,A_NURSE_MAGNET_HOSPITAL,A_NURSE_MAGNET_HOSPITAL
USNWR - Pediatric Specialties,PERFORMANCE INFORMATION,CANCER SPECIALTY,ACCREDITED_BY_FACT,ACCREDITED_BY_FACT
USNWR - Pediatric Specialties,PERFORMANCE INFORMATION,CANCER SPECIALTY,ACTIVE_FELLOWSHIP_PROGRAMS,ACTIVE_FELLOWSHIP_PROGRAMS
USNWR - Pediatric Specialties,PERFORMANCE INFORMATION,CANCER SPECIALTY,ADOPTION_OF_HEALTH_INFORMATION_TECHNOLOGY,ADOPTION_OF_HEALTH_INFORMATION_TECHNOLOGY
USNWR - Pediatric Specialties,PERFORMANCE INFORMATION,CANCER SPECIALTY,ADVANCED_CLINICAL_SERVICES,ADVANCED_CLINICAL_SERVICES
USNWR - Pediatric Specialties,PERFORMANCE INFORMATION,CANCER SPECIALTY,ADVANCED_TECHNOLOGIES,ADVANCED_TECHNOLOGIES
USNWR - Pediatric Specialties,PERFORMANCE INFORMATION,CANCER SPECIALTY,BONE_MARROW_TRANSPLANT_SERVICES,BONE_MARROW_TRANSPLANT_SERVICES
USNWR - Pediatric Specialties,PERFORMANCE INFORMATION,CANCER SPECIALTY,CANCER_SURVIVAL,CANCER_SURVIVAL
USNWR - Pediatric Specialties,PERFORMANCE INFORMATION,CANCER SPECIALTY,CLINICAL_SUPPORT_SERVICES,CLINICAL_SUPPORT_SERVICES
USNWR - Pediatric Specialties,PERFORMANCE INFORMATION,CANCER SPECIALTY,COMMITMENT_TO_BEST_PRACTICES,COMMITMENT_TO_BEST_PRACTICES
USNWR - Pediatric Specialties,PERFORMANCE INFORMATION,CANCER SPECIALTY,COMMITMENT_TO_CLINICAL_RESEARCH,COMMITMENT_TO_CLINICAL_RESEARCH
USNWR - Pediatric Specialties,PERFORMANCE INFORMATION,CANCER SPECIALTY,COMMITMENT_TO_DIVERSITY_EQUITY_AND_INCLUSION,COMMITMENT_TO_DIVERSITY_EQUITY_AND_INCLUSION
USNWR - Pediatric Specialties,PERFORMANCE INFORMATION,CANCER SPECIALTY,COMMITMENT_TO_QUALITY_IMPROVEMENT,COMMITMENT_TO_QUALITY_IMPROVEMENT
USNWR - Pediatric Specialties,PERFORMANCE INFORMATION,CANCER SPECIALTY,DOMAIN SCORE,Domain Score
USNWR - Pediatric Specialties,PERFORMANCE INFORMATION,CANCER SPECIALTY,EXPERT_OPINION,EXPERT_OPINION
USNWR - Pediatric Specialties,PERFORMANCE INFORMATION,CANCER SPECIALTY,FAMILY_SUPPORT,FAMILY_SUPPORT
USNWR - Pediatric Specialties,PERFORMANCE INFORMATION,CANCER SPECIALTY,FULLTIME_SUBSPECIALISTS,FULLTIME_SUBSPECIALISTS
USNWR - Pediatric Specialties,PERFORMANCE INFORMATION,CANCER SPECIALTY,INFECTION_PREVENTION_IN_INTENSIVE_CARE_UNITS,INFECTION_PREVENTION_IN_INTENSIVE_CARE_UNITS
USNWR - Pediatric Specialties,PERFORMANCE INFORMATION,CANCER SPECIALTY,INFECTION_PREVENTION_THROUGHOUT_HOSPITAL,INFECTION_PREVENTION_THROUGHOUT_HOSPITAL
USNWR - Pediatric Specialties,PERFORMANCE INFORMATION,CANCER SPECIALTY,INVOLVES_FAMILIES_IN_DESIGNING_HOSPITAL_PRACTICES_,INVOLVES_FAMILIES_IN_DESIGNING_HOSPITAL_PRACTICES_
USNWR - Pediatric Specialties,PERFORMANCE INFORMATION,CANCER SPECIALTY,NUMBER_OF_NEW_PATIENTS,NUMBER_OF_NEW_PATIENTS
USNWR - Pediatric Specialties,PERFORMANCE INFORMATION,CANCER SPECIALTY,NUMBER_OF_PATIENTS,NUMBER_OF_PATIENTS
USNWR - Pediatric Specialties,PERFORMANCE INFORMATION,CANCER SPECIALTY,NUMBER_OF_SURGERIES,NUMBER_OF_SURGERIES
USNWR - Pediatric Specialties,PERFORMANCE INFORMATION,CANCER SPECIALTY,NURSE_STAFFING,NURSE_STAFFING
USNWR - Pediatric Specialties,PERFORMANCE INFORMATION,CANCER SPECIALTY,PRESSURE_INJURY_PREVENTION,PRESSURE_INJURY_PREVENTION
USNWR - Pediatric Specialties,PERFORMANCE INFORMATION,CANCER SPECIALTY,PROVIDES_ADVANCED_PALLIATIVE_CARE,PROVIDES_ADVANCED_PALLIATIVE_CARE
USNWR - Pediatric Specialties,PERFORMANCE INFORMATION,CANCER SPECIALTY,RECOGNIZED_CELLULAR_THERAPY_PROGRAM,RECOGNIZED_CELLULAR_THERAPY_PROGRAM
USNWR - Pediatric Specialties,PERFORMANCE INFORMATION,CANCER SPECIALTY,SPECIALIZED_CLINICS_AND_PROGRAMS,SPECIALIZED_CLINICS_AND_PROGRAMS
USNWR - Pediatric Specialties,PERFORMANCE INFORMATION,CANCER SPECIALTY,SURVIVAL_AFTER_BONE_MARROW_TRANSPLANT,SURVIVAL_AFTER_BONE_MARROW_TRANSPLANT
USNWR - Pediatric Specialties,PERFORMANCE INFORMATION,CARDIOLOGY SPECIALTY,A_NURSE_MAGNET_HOSPITAL,A_NURSE_MAGNET_HOSPITAL
USNWR - Pediatric Specialties,PERFORMANCE INFORMATION,CARDIOLOGY SPECIALTY,ACTIVE_FELLOWSHIP_PROGRAMS,ACTIVE_FELLOWSHIP_PROGRAMS
USNWR - Pediatric Specialties,PERFORMANCE INFORMATION,CARDIOLOGY SPECIALTY,ADOPTION_OF_HEALTH_INFORMATION_TECHNOLOGY,ADOPTION_OF_HEALTH_INFORMATION_TECHNOLOGY
USNWR - Pediatric Specialties,PERFORMANCE INFORMATION,CARDIOLOGY SPECIALTY,ADULT_CONGENITAL_HEART_PROGRAM,ADULT_CONGENITAL_HEART_PROGRAM
USNWR - Pediatric Specialties,PERFORMANCE INFORMATION,CARDIOLOGY SPECIALTY,ADVANCED_CLINICAL_SERVICES,ADVANCED_CLINICAL_SERVICES
USNWR - Pediatric Specialties,PERFORMANCE INFORMATION,CARDIOLOGY SPECIALTY,ADVANCED_TECHNOLOGIES,ADVANCED_TECHNOLOGIES
USNWR - Pediatric Specialties,PERFORMANCE INFORMATION,CARDIOLOGY SPECIALTY,CLINICAL_SUPPORT_SERVICES,CLINICAL_SUPPORT_SERVICES
USNWR - Pediatric Specialties,PERFORMANCE INFORMATION,CARDIOLOGY SPECIALTY,COMMITMENT_TO_BEST_PRACTICES,COMMITMENT_TO_BEST_PRACTICES
USNWR - Pediatric Specialties,PERFORMANCE INFORMATION,CARDIOLOGY SPECIALTY,COMMITMENT_TO_CLINICAL_RESEARCH,COMMITMENT_TO_CLINICAL_RESEARCH
USNWR - Pediatric Specialties,PERFORMANCE INFORMATION,CARDIOLOGY SPECIALTY,COMMITMENT_TO_DIVERSITY_EQUITY_AND_INCLUSION,COMMITMENT_TO_DIVERSITY_EQUITY_AND_INCLUSION
USNWR - Pediatric Specialties,PERFORMANCE INFORMATION,CARDIOLOGY SPECIALTY,COMMITMENT_TO_QUALITY_IMPROVEMENT,COMMITMENT_TO_QUALITY_IMPROVEMENT
USNWR - Pediatric Specialties,PERFORMANCE INFORMATION,CARDIOLOGY SPECIALTY,CONGENITAL_HEART_PROGRAM,CONGENITAL_HEART_PROGRAM
USNWR - Pediatric Specialties,PERFORMANCE INFORMATION,CARDIOLOGY SPECIALTY,DOMAIN SCORE,Domain Score
USNWR - Pediatric Specialties,PERFORMANCE INFORMATION,CARDIOLOGY SPECIALTY,EXPERT_OPINION,EXPERT_OPINION
USNWR - Pediatric Specialties,PERFORMANCE INFORMATION,CARDIOLOGY SPECIALTY,FAMILY_SUPPORT,FAMILY_SUPPORT
USNWR - Pediatric Specialties,PERFORMANCE INFORMATION,CARDIOLOGY SPECIALTY,FULLTIME_SUBSPECIALISTS,FULLTIME_SUBSPECIALISTS
USNWR - Pediatric Specialties,PERFORMANCE INFORMATION,CARDIOLOGY SPECIALTY,HEART_TRANSPLANT_PROGRAM,HEART_TRANSPLANT_PROGRAM
USNWR - Pediatric Specialties,PERFORMANCE INFORMATION,CARDIOLOGY SPECIALTY,INFECTION_PREVENTION_IN_INTENSIVE-CARE_UNITS,INFECTION_PREVENTION_IN_INTENSIVE-CARE_UNITS
USNWR - Pediatric Specialties,PERFORMANCE INFORMATION,CARDIOLOGY SPECIALTY,INFECTION_PREVENTION_THROUGHOUT_HOSPITAL,INFECTION_PREVENTION_THROUGHOUT_HOSPITAL
USNWR - Pediatric Specialties,PERFORMANCE INFORMATION,CARDIOLOGY SPECIALTY,INVOLVES_FAMILIES_IN_CARE_PLANNING,INVOLVES_FAMILIES_IN_CARE_PLANNING
USNWR - Pediatric Specialties,PERFORMANCE INFORMATION,CARDIOLOGY SPECIALTY,LENGTH_OF_POST_OPERATIVE_STAY_FOR_CONGENITAL_HEART_PATIENTS,LENGTH_OF_POST_OPERATIVE_STAY_FOR_CONGENITAL_HEART_PATIENTS
USNWR - Pediatric Specialties,PERFORMANCE INFORMATION,CARDIOLOGY SPECIALTY,NUMBER_OF_CATHETER_PROCEDURES,NUMBER_OF_CATHETER_PROCEDURES
USNWR - Pediatric Specialties,PERFORMANCE INFORMATION,CARDIOLOGY SPECIALTY,NUMBER_OF_HIGH_COMPLEXITY_HEART_SURGERIES,NUMBER_OF_HIGH_COMPLEXITY_HEART_SURGERIES
USNWR - Pediatric Specialties,PERFORMANCE INFORMATION,CARDIOLOGY SPECIALTY,NUMBER_OF_NORWOOD_OR_HYBRID_SURGERIES,NUMBER_OF_NORWOOD_OR_HYBRID_SURGERIES
USNWR - Pediatric Specialties,PERFORMANCE INFORMATION,CARDIOLOGY SPECIALTY,NUMBER_OF_SURGERIES,NUMBER_OF_SURGERIES
USNWR - Pediatric Specialties,PERFORMANCE INFORMATION,CARDIOLOGY SPECIALTY,NURSE_STAFFING,NURSE_STAFFING
USNWR - Pediatric Specialties,PERFORMANCE INFORMATION,CARDIOLOGY SPECIALTY,PRESSURE_INJURY_PREVENTION,PRESSURE_INJURY_PREVENTION
USNWR - Pediatric Specialties,PERFORMANCE INFORMATION,CARDIOLOGY SPECIALTY,SURVIVAL_AFTER_CONGENITAL_HEART_SURGERY,SURVIVAL_AFTER_CONGENITAL_HEART_SURGERY
USNWR - Pediatric Specialties,PERFORMANCE INFORMATION,CARDIOLOGY SPECIALTY,SURVIVAL_AFTER_HEART_TRANSPLANT,SURVIVAL_AFTER_HEART_TRANSPLANT
USNWR - Pediatric Specialties,PERFORMANCE INFORMATION,CARDIOLOGY SPECIALTY,SURVIVAL_AFTER_NORWOOD_HYBRID_SURGERY,SURVIVAL_AFTER_NORWOOD_HYBRID_SURGERY
USNWR - Pediatric Specialties,PERFORMANCE INFORMATION,CARDIOLOGY SPECIALTY,SURVIVAL_AND_PREVENTION_OF_COMPLICATIONS_AFTER_CERTAIN_COMPLEX_HEART_PROCEDURES,SURVIVAL_AND_PREVENTION_OF_COMPLICATIONS_AFTER_CERTAIN_COMPLEX_HEART_PROCEDURES
USNWR - Pediatric Specialties,PERFORMANCE INFORMATION,DIABETES SPECIALTY,A_NURSE_MAGNET_HOSPITAL,A_NURSE_MAGNET_HOSPITAL
USNWR - Pediatric Specialties,PERFORMANCE INFORMATION,DIABETES SPECIALTY,ACTIVE_FELLOWSHIP_PROGRAMS,ACTIVE_FELLOWSHIP_PROGRAMS
USNWR - Pediatric Specialties,PERFORMANCE INFORMATION,DIABETES SPECIALTY,ADOPTION_OF_HEALTH_INFORMATION_TECHNOLOGY,ADOPTION_OF_HEALTH_INFORMATION_TECHNOLOGY
USNWR - Pediatric Specialties,PERFORMANCE INFORMATION,DIABETES SPECIALTY,ADVANCED_CLINICAL_SERVICES,ADVANCED_CLINICAL_SERVICES
USNWR - Pediatric Specialties,PERFORMANCE INFORMATION,DIABETES SPECIALTY,ADVANCED_TECHNOLOGIES,ADVANCED_TECHNOLOGIES
USNWR - Pediatric Specialties,PERFORMANCE INFORMATION,DIABETES SPECIALTY,CLINICAL_SUPPORT_SERVICES,CLINICAL_SUPPORT_SERVICES
USNWR - Pediatric Specialties,PERFORMANCE INFORMATION,DIABETES SPECIALTY,COMMITMENT_TO_BEST_PRACTICES,COMMITMENT_TO_BEST_PRACTICES
USNWR - Pediatric Specialties,PERFORMANCE INFORMATION,DIABETES SPECIALTY,COMMITMENT_TO_CLINICAL_RESEARCH,COMMITMENT_TO_CLINICAL_RESEARCH
USNWR - Pediatric Specialties,PERFORMANCE INFORMATION,DIABETES SPECIALTY,COMMITMENT_TO_DIVERSITY_EQUITY_AND_INCLUSION,COMMITMENT_TO_DIVERSITY_EQUITY_AND_INCLUSION
USNWR - Pediatric Specialties,PERFORMANCE INFORMATION,DIABETES SPECIALTY,COMMITMENT_TO_QUALITY_IMPROVEMENT,COMMITMENT_TO_QUALITY_IMPROVEMENT
USNWR - Pediatric Specialties,PERFORMANCE INFORMATION,DIABETES SPECIALTY,DIABETES_MANAGEMENT,DIABETES_MANAGEMENT
USNWR - Pediatric Specialties,PERFORMANCE INFORMATION,DIABETES SPECIALTY,DOMAIN SCORE,Domain Score
USNWR - Pediatric Specialties,PERFORMANCE INFORMATION,DIABETES SPECIALTY,EXPERT_OPINION,EXPERT_OPINION
USNWR - Pediatric Specialties,PERFORMANCE INFORMATION,DIABETES SPECIALTY,FAMILY_SUPPORT,FAMILY_SUPPORT
USNWR - Pediatric Specialties,PERFORMANCE INFORMATION,DIABETES SPECIALTY,FULLTIME_SUBSPECIALISTS,FULLTIME_SUBSPECIALISTS
USNWR - Pediatric Specialties,PERFORMANCE INFORMATION,DIABETES SPECIALTY,HYPO_AND_HYPER_THYROID_MANAGEMENT,HYPO_AND_HYPER_THYROID_MANAGEMENT
USNWR - Pediatric Specialties,PERFORMANCE INFORMATION,DIABETES SPECIALTY,INFECTION_PREVENTION,INFECTION_PREVENTION
USNWR - Pediatric Specialties,PERFORMANCE INFORMATION,DIABETES SPECIALTY,INVOLVES_FAMILIES_IN_CARE_PLANNING,INVOLVES_FAMILIES_IN_CARE_PLANNING
USNWR - Pediatric Specialties,PERFORMANCE INFORMATION,DIABETES SPECIALTY,NUMBER_OF_PATIENTS,NUMBER_OF_PATIENTS
USNWR - Pediatric Specialties,PERFORMANCE INFORMATION,DIABETES SPECIALTY,NUMBER_OF_PROCEDURES,NUMBER_OF_PROCEDURES
USNWR - Pediatric Specialties,PERFORMANCE INFORMATION,DIABETES SPECIALTY,NURSE_STAFFING,NURSE_STAFFING
USNWR - Pediatric Specialties,PERFORMANCE INFORMATION,DIABETES SPECIALTY,SPECIALIZED_CLINICS_AND_PROGRAMS,SPECIALIZED_CLINICS_AND_PROGRAMS
USNWR - Pediatric Specialties,PERFORMANCE INFORMATION,GASTROENTEROLOGY SPECIALTY,A_NURSE_MAGNET_HOSPITAL,A_NURSE_MAGNET_HOSPITAL
USNWR - Pediatric Specialties,PERFORMANCE INFORMATION,GASTROENTEROLOGY SPECIALTY,ACTIVE_FELLOWSHIP_PROGRAMS,ACTIVE_FELLOWSHIP_PROGRAMS
USNWR - Pediatric Specialties,PERFORMANCE INFORMATION,GASTROENTEROLOGY SPECIALTY,ADOPTION_OF_HEALTH_INFORMATION_TECHNOLOGY,ADOPTION_OF_HEALTH_INFORMATION_TECHNOLOGY
USNWR - Pediatric Specialties,PERFORMANCE INFORMATION,GASTROENTEROLOGY SPECIALTY,ADVANCED_CLINICAL_SERVICES,ADVANCED_CLINICAL_SERVICES
USNWR - Pediatric Specialties,PERFORMANCE INFORMATION,GASTROENTEROLOGY SPECIALTY,ADVANCED_TECHNOLOGIES,ADVANCED_TECHNOLOGIES
USNWR - Pediatric Specialties,PERFORMANCE INFORMATION,GASTROENTEROLOGY SPECIALTY,CLINICAL_SUPPORT_SERVICES,CLINICAL_SUPPORT_SERVICES
USNWR - Pediatric Specialties,PERFORMANCE INFORMATION,GASTROENTEROLOGY SPECIALTY,COMMITMENT_TO_BEST_PRACTICES,COMMITMENT_TO_BEST_PRACTICES
USNWR - Pediatric Specialties,PERFORMANCE INFORMATION,GASTROENTEROLOGY SPECIALTY,COMMITMENT_TO_CLINICAL_RESEARCH,COMMITMENT_TO_CLINICAL_RESEARCH
USNWR - Pediatric Specialties,PERFORMANCE INFORMATION,GASTROENTEROLOGY SPECIALTY,COMMITMENT_TO_DIVERSITY_EQUITY_AND_INCLUSION,COMMITMENT_TO_DIVERSITY_EQUITY_AND_INCLUSION
USNWR - Pediatric Specialties,PERFORMANCE INFORMATION,GASTROENTEROLOGY SPECIALTY,COMMITMENT_TO_QUALITY_IMPROVEMENT,COMMITMENT_TO_QUALITY_IMPROVEMENT
USNWR - Pediatric Specialties,PERFORMANCE INFORMATION,GASTROENTEROLOGY SPECIALTY,DOMAIN SCORE,Domain Score
USNWR - Pediatric Specialties,PERFORMANCE INFORMATION,GASTROENTEROLOGY SPECIALTY,EXPERT_OPINION,EXPERT_OPINION
USNWR - Pediatric Specialties,PERFORMANCE INFORMATION,GASTROENTEROLOGY SPECIALTY,FAMILY_SUPPORT,FAMILY_SUPPORT
USNWR - Pediatric Specialties,PERFORMANCE INFORMATION,GASTROENTEROLOGY SPECIALTY,FULLTIME_SUBSPECIALISTS,FULLTIME_SUBSPECIALISTS
USNWR - Pediatric Specialties,PERFORMANCE INFORMATION,GASTROENTEROLOGY SPECIALTY,INFECTION_PREVENTION_IN_INTENSIVE_CARE_UNITS,INFECTION_PREVENTION_IN_INTENSIVE_CARE_UNITS
USNWR - Pediatric Specialties,PERFORMANCE INFORMATION,GASTROENTEROLOGY SPECIALTY,INFECTION_PREVENTION_THROUGHOUT_HOSPITAL,INFECTION_PREVENTION_THROUGHOUT_HOSPITAL
USNWR - Pediatric Specialties,PERFORMANCE INFORMATION,GASTROENTEROLOGY SPECIALTY,INVOLVES_FAMILIES_IN_CARE_PLANNING,INVOLVES_FAMILIES_IN_CARE_PLANNING
USNWR - Pediatric Specialties,PERFORMANCE INFORMATION,GASTROENTEROLOGY SPECIALTY,LIVER_TRANSPLANT_PROGRAM,LIVER_TRANSPLANT_PROGRAM
USNWR - Pediatric Specialties,PERFORMANCE INFORMATION,GASTROENTEROLOGY SPECIALTY,NUMBER_OF_PATIENTS,NUMBER_OF_PATIENTS
USNWR - Pediatric Specialties,PERFORMANCE INFORMATION,GASTROENTEROLOGY SPECIALTY,NUMBER_OF_PROCEDURES,NUMBER_OF_PROCEDURES
USNWR - Pediatric Specialties,PERFORMANCE INFORMATION,GASTROENTEROLOGY SPECIALTY,NUMBER_OF_SURGERIES,NUMBER_OF_SURGERIES
USNWR - Pediatric Specialties,PERFORMANCE INFORMATION,GASTROENTEROLOGY SPECIALTY,NURSE_STAFFING,NURSE_STAFFING
USNWR - Pediatric Specialties,PERFORMANCE INFORMATION,GASTROENTEROLOGY SPECIALTY,PRESSURE_INJURY_PREVENTION,PRESSURE_INJURY_PREVENTION
USNWR - Pediatric Specialties,PERFORMANCE INFORMATION,GASTROENTEROLOGY SPECIALTY,SPECIALIZED_CLINICS_AND_PROGRAMS,SPECIALIZED_CLINICS_AND_PROGRAMS
USNWR - Pediatric Specialties,PERFORMANCE INFORMATION,GASTROENTEROLOGY SPECIALTY,SUCCESS_OF_CERTAIN_GI_RELATED_TREATMENTS,SUCCESS_OF_CERTAIN_GI_RELATED_TREATMENTS
USNWR - Pediatric Specialties,PERFORMANCE INFORMATION,GASTROENTEROLOGY SPECIALTY,SURVIVAL_AFTER_LIVER_TRANSPLANT,SURVIVAL_AFTER_LIVER_TRANSPLANT
USNWR - Pediatric Specialties,PERFORMANCE INFORMATION,MENTAL HEALTH SPECIALTY,A_NURSE_MAGNET_HOSPITAL,A_NURSE_MAGNET_HOSPITAL
USNWR - Pediatric Specialties,PERFORMANCE INFORMATION,MENTAL HEALTH SPECIALTY,ACTIVE_FELLOWSHIP_PROGRAMS,ACTIVE_FELLOWSHIP_PROGRAMS
USNWR - Pediatric Specialties,PERFORMANCE INFORMATION,MENTAL HEALTH SPECIALTY,ADOPTION_OF_HEALTH_INFORMATION_TECHNOLOGY,ADOPTION_OF_HEALTH_INFORMATION_TECHNOLOGY
USNWR - Pediatric Specialties,PERFORMANCE INFORMATION,MENTAL HEALTH SPECIALTY,BEHAVIORAL_HEALTH_BOARDER_RATE,BEHAVIORAL_HEALTH_BOARDER_RATE
USNWR - Pediatric Specialties,PERFORMANCE INFORMATION,MENTAL HEALTH SPECIALTY,CLINICAL_SUPPORT_SERVICES,CLINICAL_SUPPORT_SERVICES
USNWR - Pediatric Specialties,PERFORMANCE INFORMATION,MENTAL HEALTH SPECIALTY,COMMITMENT_TO_BEST_PRACTICES,COMMITMENT_TO_BEST_PRACTICES
USNWR - Pediatric Specialties,PERFORMANCE INFORMATION,MENTAL HEALTH SPECIALTY,COMMITMENT_TO_CLINICAL_RESEARCH,COMMITMENT_TO_CLINICAL_RESEARCH
USNWR - Pediatric Specialties,PERFORMANCE INFORMATION,MENTAL HEALTH SPECIALTY,COMMITMENT_TO_DIVERSITY_EQUITY_AND_INCLUSION,COMMITMENT_TO_DIVERSITY_EQUITY_AND_INCLUSION
USNWR - Pediatric Specialties,PERFORMANCE INFORMATION,MENTAL HEALTH SPECIALTY,COMMITMENT_TO_QUALITY_IMPROVEMENT,COMMITMENT_TO_QUALITY_IMPROVEMENT
USNWR - Pediatric Specialties,PERFORMANCE INFORMATION,MENTAL HEALTH SPECIALTY,DOMAIN SCORE,Domain Score
USNWR - Pediatric Specialties,PERFORMANCE INFORMATION,MENTAL HEALTH SPECIALTY,EMERGENCY_AND_URGENT_ARE_FOR_BEHAVIORAL_HEALTH,EMERGENCY_AND_URGENT_ARE_FOR_BEHAVIORAL_HEALTH
USNWR - Pediatric Specialties,PERFORMANCE INFORMATION,MENTAL HEALTH SPECIALTY,EXPERT_OPINION,EXPERT_OPINION
USNWR - Pediatric Specialties,PERFORMANCE INFORMATION,MENTAL HEALTH SPECIALTY,FAMILY_SUPPORT,FAMILY_SUPPORT
USNWR - Pediatric Specialties,PERFORMANCE INFORMATION,MENTAL HEALTH SPECIALTY,FULLTIME_SUBSPECIALISTS,FULLTIME_SUBSPECIALISTS
USNWR - Pediatric Specialties,PERFORMANCE INFORMATION,MENTAL HEALTH SPECIALTY,INVOLVES_FAMILIES_IN_CARE_PLANNING,INVOLVES_FAMILIES_IN_CARE_PLANNING
USNWR - Pediatric Specialties,PERFORMANCE INFORMATION,MENTAL HEALTH SPECIALTY,MEDICATION_SAFETY_SCREENING,MEDICATION_SAFETY_SCREENING
USNWR - Pediatric Specialties,PERFORMANCE INFORMATION,MENTAL HEALTH SPECIALTY,NUMBER_OF_PATIENTS,NUMBER_OF_PATIENTS
USNWR - Pediatric Specialties,PERFORMANCE INFORMATION,MENTAL HEALTH SPECIALTY,NURSE_STAFFING,NURSE_STAFFING
USNWR - Pediatric Specialties,PERFORMANCE INFORMATION,MENTAL HEALTH SPECIALTY,PREVENTION_REDUCTION_OF_SIDE_EFFECTS,PREVENTION_REDUCTION_OF_SIDE_EFFECTS
USNWR - Pediatric Specialties,PERFORMANCE INFORMATION,MENTAL HEALTH SPECIALTY,SPECIALIZED_CLINICS_AND_PROGRAMS,SPECIALIZED_CLINICS_AND_PROGRAMS
USNWR - Pediatric Specialties,PERFORMANCE INFORMATION,MENTAL HEALTH SPECIALTY,SPEED_EFFICIENCY_OF_ASSESSMENT_IN_THE_ED,SPEED_EFFICIENCY_OF_ASSESSMENT_IN_THE_ED
USNWR - Pediatric Specialties,PERFORMANCE INFORMATION,NEONATOLOGY SPECIALTY,A_NURSE_MAGNET_HOSPITAL,A_NURSE_MAGNET_HOSPITAL
USNWR - Pediatric Specialties,PERFORMANCE INFORMATION,NEONATOLOGY SPECIALTY,ACTIVE_FELLOWSHIP_PROGRAMS,ACTIVE_FELLOWSHIP_PROGRAMS
USNWR - Pediatric Specialties,PERFORMANCE INFORMATION,NEONATOLOGY SPECIALTY,ADOPTION_OF_HEALTH_INFORMATION_TECHNOLOGY,ADOPTION_OF_HEALTH_INFORMATION_TECHNOLOGY
USNWR - Pediatric Specialties,PERFORMANCE INFORMATION,NEONATOLOGY SPECIALTY,ADVANCED_CLINICAL_SERVICES,ADVANCED_CLINICAL_SERVICES
USNWR - Pediatric Specialties,PERFORMANCE INFORMATION,NEONATOLOGY SPECIALTY,ADVANCED_TECHNOLOGIES,ADVANCED_TECHNOLOGIES
USNWR - Pediatric Specialties,PERFORMANCE INFORMATION,NEONATOLOGY SPECIALTY,CLINICAL_SUPPORT_SERVICES,CLINICAL_SUPPORT_SERVICES
USNWR - Pediatric Specialties,PERFORMANCE INFORMATION,NEONATOLOGY SPECIALTY,COMMITMENT_TO_BEST_PRACTICES,COMMITMENT_TO_BEST_PRACTICES
USNWR - Pediatric Specialties,PERFORMANCE INFORMATION,NEONATOLOGY SPECIALTY,COMMITMENT_TO_CLINICAL_RESEARCH,COMMITMENT_TO_CLINICAL_RESEARCH
USNWR - Pediatric Specialties,PERFORMANCE INFORMATION,NEONATOLOGY SPECIALTY,COMMITMENT_TO_DIVERSITY_EQUITY_AND_INCLUSION,COMMITMENT_TO_DIVERSITY_EQUITY_AND_INCLUSION
USNWR - Pediatric Specialties,PERFORMANCE INFORMATION,NEONATOLOGY SPECIALTY,COMMITMENT_TO_QUALITY_IMPROVEMENT,COMMITMENT_TO_QUALITY_IMPROVEMENT
USNWR - Pediatric Specialties,PERFORMANCE INFORMATION,NEONATOLOGY SPECIALTY,DOMAIN SCORE,Domain Score
USNWR - Pediatric Specialties,PERFORMANCE INFORMATION,NEONATOLOGY SPECIALTY,ECMO_AVAILABILITY,ECMO_AVAILABILITY
USNWR - Pediatric Specialties,PERFORMANCE INFORMATION,NEONATOLOGY SPECIALTY,EXPERT_OPINION,EXPERT_OPINION
USNWR - Pediatric Specialties,PERFORMANCE INFORMATION,NEONATOLOGY SPECIALTY,FAMILY_SUPPORT,FAMILY_SUPPORT
USNWR - Pediatric Specialties,PERFORMANCE INFORMATION,NEONATOLOGY SPECIALTY,FULLTIME_SUBSPECIALISTS,FULLTIME_SUBSPECIALISTS
USNWR - Pediatric Specialties,PERFORMANCE INFORMATION,NEONATOLOGY SPECIALTY,INFECTION_PREVENTION_IN_NEONATAL_INTENSIVE_CARE_UNIT,INFECTION_PREVENTION_IN_NEONATAL_INTENSIVE_CARE_UNIT
USNWR - Pediatric Specialties,PERFORMANCE INFORMATION,NEONATOLOGY SPECIALTY,INFECTION_PREVENTION_THROUGHOUT_HOSPITAL,INFECTION_PREVENTION_THROUGHOUT_HOSPITAL
USNWR - Pediatric Specialties,PERFORMANCE INFORMATION,NEONATOLOGY SPECIALTY,INVOLVES_FAMILIES_IN_CARE_PLANNING,INVOLVES_FAMILIES_IN_CARE_PLANNING
USNWR - Pediatric Specialties,PERFORMANCE INFORMATION,NEONATOLOGY SPECIALTY,KEEPING_BREATHING_TUBE_IN_PLACE,KEEPING_BREATHING_TUBE_IN_PLACE
USNWR - Pediatric Specialties,PERFORMANCE INFORMATION,NEONATOLOGY SPECIALTY,MATCHING_BREAST_MILK_WITH_CORRECT_INFANTS,MATCHING_BREAST_MILK_WITH_CORRECT_INFANTS
USNWR - Pediatric Specialties,PERFORMANCE INFORMATION,NEONATOLOGY SPECIALTY,NEONATAL_TRANSPORT,NEONATAL_TRANSPORT
USNWR - Pediatric Specialties,PERFORMANCE INFORMATION,NEONATOLOGY SPECIALTY,NICU_TEMPERATURE_MANAGEMENT,NICU_TEMPERATURE_MANAGEMENT
USNWR - Pediatric Specialties,PERFORMANCE INFORMATION,NEONATOLOGY SPECIALTY,NUMBER_OF_PATIENTS,NUMBER_OF_PATIENTS
USNWR - Pediatric Specialties,PERFORMANCE INFORMATION,NEONATOLOGY SPECIALTY,NURSE_STAFFING,NURSE_STAFFING
USNWR - Pediatric Specialties,PERFORMANCE INFORMATION,NEONATOLOGY SPECIALTY,SPECIALIZED_CLINICS_AND_PROGRAMS,SPECIALIZED_CLINICS_AND_PROGRAMS
USNWR - Pediatric Specialties,PERFORMANCE INFORMATION,NEONATOLOGY SPECIALTY,TAKING_BREAST_MILK_WHEN_DISCHARGED,TAKING_BREAST_MILK_WHEN_DISCHARGED
USNWR - Pediatric Specialties,PERFORMANCE INFORMATION,NEONATOLOGY SPECIALTY,TRACKING_OF_GROWTH_METRICS,TRACKING_OF_GROWTH_METRICS
USNWR - Pediatric Specialties,PERFORMANCE INFORMATION,NEPHROLOGY SPECIALTY,A_NURSE_MAGNET_HOSPITAL,A_NURSE_MAGNET_HOSPITAL
USNWR - Pediatric Specialties,PERFORMANCE INFORMATION,NEPHROLOGY SPECIALTY,ACTIVE_FELLOWSHIP_PROGRAMS,ACTIVE_FELLOWSHIP_PROGRAMS
USNWR - Pediatric Specialties,PERFORMANCE INFORMATION,NEPHROLOGY SPECIALTY,ADOPTION_OF_HEALTH_INFORMATION_TECHNOLOGY,ADOPTION_OF_HEALTH_INFORMATION_TECHNOLOGY
USNWR - Pediatric Specialties,PERFORMANCE INFORMATION,NEPHROLOGY SPECIALTY,ADVANCED_CLINICAL_SERVICES,ADVANCED_CLINICAL_SERVICES
USNWR - Pediatric Specialties,PERFORMANCE INFORMATION,NEPHROLOGY SPECIALTY,ADVANCED_TECHNOLOGIES,ADVANCED_TECHNOLOGIES
USNWR - Pediatric Specialties,PERFORMANCE INFORMATION,NEPHROLOGY SPECIALTY,CLINICAL_SUPPORT_SERVICES,CLINICAL_SUPPORT_SERVICES
USNWR - Pediatric Specialties,PERFORMANCE INFORMATION,NEPHROLOGY SPECIALTY,COMMITMENT_TO_BEST_PRACTICES,COMMITMENT_TO_BEST_PRACTICES
USNWR - Pediatric Specialties,PERFORMANCE INFORMATION,NEPHROLOGY SPECIALTY,COMMITMENT_TO_CLINICAL_RESEARCH,COMMITMENT_TO_CLINICAL_RESEARCH
USNWR - Pediatric Specialties,PERFORMANCE INFORMATION,NEPHROLOGY SPECIALTY,COMMITMENT_TO_DIVERSITY_EQUITY_AND_INCLUSION,COMMITMENT_TO_DIVERSITY_EQUITY_AND_INCLUSION
USNWR - Pediatric Specialties,PERFORMANCE INFORMATION,NEPHROLOGY SPECIALTY,COMMITMENT_TO_QUALITY_IMPROVEMENT,COMMITMENT_TO_QUALITY_IMPROVEMENT
USNWR - Pediatric Specialties,PERFORMANCE INFORMATION,NEPHROLOGY SPECIALTY,DIALYSIS_INFECTION_PREVENTION,DIALYSIS_INFECTION_PREVENTION
USNWR - Pediatric Specialties,PERFORMANCE INFORMATION,NEPHROLOGY SPECIALTY,DIALYSIS_MANAGEMENT,DIALYSIS_MANAGEMENT
USNWR - Pediatric Specialties,PERFORMANCE INFORMATION,NEPHROLOGY SPECIALTY,DOMAIN SCORE,Domain Score
USNWR - Pediatric Specialties,PERFORMANCE INFORMATION,NEPHROLOGY SPECIALTY,EXPERT_OPINION,EXPERT_OPINION
USNWR - Pediatric Specialties,PERFORMANCE INFORMATION,NEPHROLOGY SPECIALTY,FAMILY_SUPPORT,FAMILY_SUPPORT
USNWR - Pediatric Specialties,PERFORMANCE INFORMATION,NEPHROLOGY SPECIALTY,FULLTIME_SUBSPECIALISTS,FULLTIME_SUBSPECIALISTS
USNWR - Pediatric Specialties,PERFORMANCE INFORMATION,NEPHROLOGY SPECIALTY,INFECTION_PREVENTION_IN_INTENSIVE_CARE_UNITS,INFECTION_PREVENTION_IN_INTENSIVE_CARE_UNITS
USNWR - Pediatric Specialties,PERFORMANCE INFORMATION,NEPHROLOGY SPECIALTY,INFECTION_PREVENTION_THROUGHOUT_HOSPITAL,INFECTION_PREVENTION_THROUGHOUT_HOSPITAL
USNWR - Pediatric Specialties,PERFORMANCE INFORMATION,NEPHROLOGY SPECIALTY,INVOLVES_FAMILIES_IN_CARE_PLANNING,INVOLVES_FAMILIES_IN_CARE_PLANNING
USNWR - Pediatric Specialties,PERFORMANCE INFORMATION,NEPHROLOGY SPECIALTY,NUMBER_OF_DIALYSIS_PATIENTS,NUMBER_OF_DIALYSIS_PATIENTS
USNWR - Pediatric Specialties,PERFORMANCE INFORMATION,NEPHROLOGY SPECIALTY,NUMBER_OF_KIDNEY_BIOPSIES,NUMBER_OF_KIDNEY_BIOPSIES
USNWR - Pediatric Specialties,PERFORMANCE INFORMATION,NEPHROLOGY SPECIALTY,NUMBER_OF_KIDNEY_TRANSPLANTS,NUMBER_OF_KIDNEY_TRANSPLANTS
USNWR - Pediatric Specialties,PERFORMANCE INFORMATION,NEPHROLOGY SPECIALTY,NUMBER_OF_PATIENTS,NUMBER_OF_PATIENTS
USNWR - Pediatric Specialties,PERFORMANCE INFORMATION,NEPHROLOGY SPECIALTY,NURSE_STAFFING,NURSE_STAFFING
USNWR - Pediatric Specialties,PERFORMANCE INFORMATION,NEPHROLOGY SPECIALTY,PRESSURE_INJURY_PREVENTION,PRESSURE_INJURY_PREVENTION
USNWR - Pediatric Specialties,PERFORMANCE INFORMATION,NEPHROLOGY SPECIALTY,PREVENTION_OF_BIOPSY_COMPLICATIONS,PREVENTION_OF_BIOPSY_COMPLICATIONS
USNWR - Pediatric Specialties,PERFORMANCE INFORMATION,NEPHROLOGY SPECIALTY,SURVIVAL_AFTER_KIDNEY_TRANSPLANT,SURVIVAL_AFTER_KIDNEY_TRANSPLANT
USNWR - Pediatric Specialties,PERFORMANCE INFORMATION,NEPHROLOGY SPECIALTY,TRANSPLANTS_IN_DIALYSIS_PATIENTS,TRANSPLANTS_IN_DIALYSIS_PATIENTS
USNWR - Pediatric Specialties,PERFORMANCE INFORMATION,NEUROLOGY SPECIALTY,A_NURSE_MAGNET_HOSPITAL,A_NURSE_MAGNET_HOSPITAL
USNWR - Pediatric Specialties,PERFORMANCE INFORMATION,NEUROLOGY SPECIALTY,ACTIVE_FELLOWSHIP_PROGRAMS,ACTIVE_FELLOWSHIP_PROGRAMS
USNWR - Pediatric Specialties,PERFORMANCE INFORMATION,NEUROLOGY SPECIALTY,ADOPTION_OF_HEALTH_INFORMATION_TECHNOLOGY,ADOPTION_OF_HEALTH_INFORMATION_TECHNOLOGY
USNWR - Pediatric Specialties,PERFORMANCE INFORMATION,NEUROLOGY SPECIALTY,ADVANCED_CLINICAL_SERVICES,ADVANCED_CLINICAL_SERVICES
USNWR - Pediatric Specialties,PERFORMANCE INFORMATION,NEUROLOGY SPECIALTY,ADVANCED_TECHNOLOGIES,ADVANCED_TECHNOLOGIES
USNWR - Pediatric Specialties,PERFORMANCE INFORMATION,NEUROLOGY SPECIALTY,CLINICAL_SUPPORT_SERVICES,CLINICAL_SUPPORT_SERVICES
USNWR - Pediatric Specialties,PERFORMANCE INFORMATION,NEUROLOGY SPECIALTY,COMMITMENT_TO_BEST_PRACTICES,COMMITMENT_TO_BEST_PRACTICES
USNWR - Pediatric Specialties,PERFORMANCE INFORMATION,NEUROLOGY SPECIALTY,COMMITMENT_TO_CLINICAL_RESEARCH,COMMITMENT_TO_CLINICAL_RESEARCH
USNWR - Pediatric Specialties,PERFORMANCE INFORMATION,NEUROLOGY SPECIALTY,COMMITMENT_TO_DIVERSITY_EQUITY_AND_INCLUSION,COMMITMENT_TO_DIVERSITY_EQUITY_AND_INCLUSION
USNWR - Pediatric Specialties,PERFORMANCE INFORMATION,NEUROLOGY SPECIALTY,COMMITMENT_TO_QUALITY_IMPROVEMENT,COMMITMENT_TO_QUALITY_IMPROVEMENT
USNWR - Pediatric Specialties,PERFORMANCE INFORMATION,NEUROLOGY SPECIALTY,DOMAIN SCORE,Domain Score
USNWR - Pediatric Specialties,PERFORMANCE INFORMATION,NEUROLOGY SPECIALTY,EXPERT_OPINION,EXPERT_OPINION
USNWR - Pediatric Specialties,PERFORMANCE INFORMATION,NEUROLOGY SPECIALTY,FAMILY_SUPPORT,FAMILY_SUPPORT
USNWR - Pediatric Specialties,PERFORMANCE INFORMATION,NEUROLOGY SPECIALTY,FULLTIME_SUBSPECIALISTS,FULLTIME_SUBSPECIALISTS
USNWR - Pediatric Specialties,PERFORMANCE INFORMATION,NEUROLOGY SPECIALTY,INFECTION_PREVENTION,INFECTION_PREVENTION
USNWR - Pediatric Specialties,PERFORMANCE INFORMATION,NEUROLOGY SPECIALTY,INVOLVES_FAMILIES_IN_CARE_PLANNING,INVOLVES_FAMILIES_IN_CARE_PLANNING
USNWR - Pediatric Specialties,PERFORMANCE INFORMATION,NEUROLOGY SPECIALTY,NUMBER_OF_EPILEPSY_WORKUPS_AND_TREATMENTS,NUMBER_OF_EPILEPSY_WORKUPS_AND_TREATMENTS
USNWR - Pediatric Specialties,PERFORMANCE INFORMATION,NEUROLOGY SPECIALTY,NUMBER_OF_SURGERIES,NUMBER_OF_SURGERIES
USNWR - Pediatric Specialties,PERFORMANCE INFORMATION,NEUROLOGY SPECIALTY,NURSE_STAFFING,NURSE_STAFFING
USNWR - Pediatric Specialties,PERFORMANCE INFORMATION,NEUROLOGY SPECIALTY,PREVENTION_OF_SURGICAL_COMPLICATIONS,PREVENTION_OF_SURGICAL_COMPLICATIONS
USNWR - Pediatric Specialties,PERFORMANCE INFORMATION,NEUROLOGY SPECIALTY,SPECIALIZED_CLINICS_AND_PROGRAMS,SPECIALIZED_CLINICS_AND_PROGRAMS
USNWR - Pediatric Specialties,PERFORMANCE INFORMATION,NEUROLOGY SPECIALTY,SUCCESS_IN_CONTROLLING_EPILEPSY,SUCCESS_IN_CONTROLLING_EPILEPSY
USNWR - Pediatric Specialties,PERFORMANCE INFORMATION,NEUROLOGY SPECIALTY,SURVIVAL_AFTER_SURGERY,SURVIVAL_AFTER_SURGERY
USNWR - Pediatric Specialties,PERFORMANCE INFORMATION,ORTHOPEDICS SPECIALTY,A_NURSE_MAGNET_HOSPITAL,A_NURSE_MAGNET_HOSPITAL
USNWR - Pediatric Specialties,PERFORMANCE INFORMATION,ORTHOPEDICS SPECIALTY,ACTIVE_FELLOWSHIP_PROGRAMS,ACTIVE_FELLOWSHIP_PROGRAMS
USNWR - Pediatric Specialties,PERFORMANCE INFORMATION,ORTHOPEDICS SPECIALTY,ADOPTION_OF_HEALTH_INFORMATION_TECHNOLOGY,ADOPTION_OF_HEALTH_INFORMATION_TECHNOLOGY
USNWR - Pediatric Specialties,PERFORMANCE INFORMATION,ORTHOPEDICS SPECIALTY,ADVANCED_CLINICAL_SERVICES,ADVANCED_CLINICAL_SERVICES
USNWR - Pediatric Specialties,PERFORMANCE INFORMATION,ORTHOPEDICS SPECIALTY,ADVANCED_TECHNOLOGIES,ADVANCED_TECHNOLOGIES
USNWR - Pediatric Specialties,PERFORMANCE INFORMATION,ORTHOPEDICS SPECIALTY,CLINICAL_SUPPORT_SERVICES,CLINICAL_SUPPORT_SERVICES
USNWR - Pediatric Specialties,PERFORMANCE INFORMATION,ORTHOPEDICS SPECIALTY,COMMITMENT_TO_BEST_PRACTICES,COMMITMENT_TO_BEST_PRACTICES
USNWR - Pediatric Specialties,PERFORMANCE INFORMATION,ORTHOPEDICS SPECIALTY,COMMITMENT_TO_CLINICAL_RESEARCH,COMMITMENT_TO_CLINICAL_RESEARCH
USNWR - Pediatric Specialties,PERFORMANCE INFORMATION,ORTHOPEDICS SPECIALTY,COMMITMENT_TO_DIVERSITY_EQUITY_AND_INCLUSION,COMMITMENT_TO_DIVERSITY_EQUITY_AND_INCLUSION
USNWR - Pediatric Specialties,PERFORMANCE INFORMATION,ORTHOPEDICS SPECIALTY,COMMITMENT_TO_QUALITY_IMPROVEMENT,COMMITMENT_TO_QUALITY_IMPROVEMENT
USNWR - Pediatric Specialties,PERFORMANCE INFORMATION,ORTHOPEDICS SPECIALTY,DOMAIN SCORE,Domain Score
USNWR - Pediatric Specialties,PERFORMANCE INFORMATION,ORTHOPEDICS SPECIALTY,EXPERT_OPINION,EXPERT_OPINION
USNWR - Pediatric Specialties,PERFORMANCE INFORMATION,ORTHOPEDICS SPECIALTY,FAMILY_SUPPORT,FAMILY_SUPPORT
USNWR - Pediatric Specialties,PERFORMANCE INFORMATION,ORTHOPEDICS SPECIALTY,FULLTIME_SUBSPECIALISTS,FULLTIME_SUBSPECIALISTS
USNWR - Pediatric Specialties,PERFORMANCE INFORMATION,ORTHOPEDICS SPECIALTY,INFECTION_PREVENTION,INFECTION_PREVENTION
USNWR - Pediatric Specialties,PERFORMANCE INFORMATION,ORTHOPEDICS SPECIALTY,INVOLVES_FAMILIES_IN_CARE_PLANNING,INVOLVES_FAMILIES_IN_CARE_PLANNING
USNWR - Pediatric Specialties,PERFORMANCE INFORMATION,ORTHOPEDICS SPECIALTY,NUMBER_OF_PATIENTS,NUMBER_OF_PATIENTS
USNWR - Pediatric Specialties,PERFORMANCE INFORMATION,ORTHOPEDICS SPECIALTY,NUMBER_OF_PROCEDURES_AND_SURGERIES,NUMBER_OF_PROCEDURES_AND_SURGERIES
USNWR - Pediatric Specialties,PERFORMANCE INFORMATION,ORTHOPEDICS SPECIALTY,NURSE_STAFFING,NURSE_STAFFING
USNWR - Pediatric Specialties,PERFORMANCE INFORMATION,ORTHOPEDICS SPECIALTY,PREVENTION_OF_SURGICAL_COMPLICATIONS,PREVENTION_OF_SURGICAL_COMPLICATIONS
USNWR - Pediatric Specialties,PERFORMANCE INFORMATION,ORTHOPEDICS SPECIALTY,SPECIALIZED_CLINICS_AND_PROGRAMS,SPECIALIZED_CLINICS_AND_PROGRAMS
USNWR - Pediatric Specialties,PERFORMANCE INFORMATION,ORTHOPEDICS SPECIALTY,SPEED_AND_SUCCESS_IN_TREATING_COMPLEX_FRACTURES,SPEED_AND_SUCCESS_IN_TREATING_COMPLEX_FRACTURES
USNWR - Pediatric Specialties,PERFORMANCE INFORMATION,PULMONOLOGY SPECIALTY,A_NURSE_MAGNET_HOSPITAL,A_NURSE_MAGNET_HOSPITAL
USNWR - Pediatric Specialties,PERFORMANCE INFORMATION,PULMONOLOGY SPECIALTY,ACTIVE_FELLOWSHIP_PROGRAMS,ACTIVE_FELLOWSHIP_PROGRAMS
USNWR - Pediatric Specialties,PERFORMANCE INFORMATION,PULMONOLOGY SPECIALTY,ADOPTION_OF_HEALTH_INFORMATION_TECHNOLOGY,ADOPTION_OF_HEALTH_INFORMATION_TECHNOLOGY
USNWR - Pediatric Specialties,PERFORMANCE INFORMATION,PULMONOLOGY SPECIALTY,ADVANCED_CLINICAL_SERVICES,ADVANCED_CLINICAL_SERVICES
USNWR - Pediatric Specialties,PERFORMANCE INFORMATION,PULMONOLOGY SPECIALTY,ADVANCED_TECHNOLOGIES,ADVANCED_TECHNOLOGIES
USNWR - Pediatric Specialties,PERFORMANCE INFORMATION,PULMONOLOGY SPECIALTY,ASTHMA_MANAGEMENT,ASTHMA_MANAGEMENT
USNWR - Pediatric Specialties,PERFORMANCE INFORMATION,PULMONOLOGY SPECIALTY,CLINICAL_SUPPORT_SERVICES,CLINICAL_SUPPORT_SERVICES
USNWR - Pediatric Specialties,PERFORMANCE INFORMATION,PULMONOLOGY SPECIALTY,COMMITMENT_TO_BEST_PRACTICES,COMMITMENT_TO_BEST_PRACTICES
USNWR - Pediatric Specialties,PERFORMANCE INFORMATION,PULMONOLOGY SPECIALTY,COMMITMENT_TO_CLINICAL_RESEARCH,COMMITMENT_TO_CLINICAL_RESEARCH
USNWR - Pediatric Specialties,PERFORMANCE INFORMATION,PULMONOLOGY SPECIALTY,COMMITMENT_TO_DIVERSITY_EQUITY_AND_INCLUSION,COMMITMENT_TO_DIVERSITY_EQUITY_AND_INCLUSION
USNWR - Pediatric Specialties,PERFORMANCE INFORMATION,PULMONOLOGY SPECIALTY,COMMITMENT_TO_QUALITY_IMPROVEMENT,COMMITMENT_TO_QUALITY_IMPROVEMENT
USNWR - Pediatric Specialties,PERFORMANCE INFORMATION,PULMONOLOGY SPECIALTY,CYSTIC_FIBROSIS_MANAGEMENT,CYSTIC_FIBROSIS_MANAGEMENT
USNWR - Pediatric Specialties,PERFORMANCE INFORMATION,PULMONOLOGY SPECIALTY,DOMAIN SCORE,Domain Score
USNWR - Pediatric Specialties,PERFORMANCE INFORMATION,PULMONOLOGY SPECIALTY,EXPERT_OPINION,EXPERT_OPINION
USNWR - Pediatric Specialties,PERFORMANCE INFORMATION,PULMONOLOGY SPECIALTY,FAMILY_SUPPORT,FAMILY_SUPPORT
USNWR - Pediatric Specialties,PERFORMANCE INFORMATION,PULMONOLOGY SPECIALTY,FULLTIME_SUBSPECIALISTS,FULLTIME_SUBSPECIALISTS
USNWR - Pediatric Specialties,PERFORMANCE INFORMATION,PULMONOLOGY SPECIALTY,INFECTION_PREVENTION_IN_INTENSIVE_CARE_UNITS,INFECTION_PREVENTION_IN_INTENSIVE_CARE_UNITS
USNWR - Pediatric Specialties,PERFORMANCE INFORMATION,PULMONOLOGY SPECIALTY,INFECTION_PREVENTION_THROUGHOUT_HOSPITAL,INFECTION_PREVENTION_THROUGHOUT_HOSPITAL
USNWR - Pediatric Specialties,PERFORMANCE INFORMATION,PULMONOLOGY SPECIALTY,INVOLVES_FAMILIES_IN_CARE_PLANNING,INVOLVES_FAMILIES_IN_CARE_PLANNING
USNWR - Pediatric Specialties,PERFORMANCE INFORMATION,PULMONOLOGY SPECIALTY,LUNG_TRANSPLANT_PROGRAM,LUNG_TRANSPLANT_PROGRAM
USNWR - Pediatric Specialties,PERFORMANCE INFORMATION,PULMONOLOGY SPECIALTY,NEUROMUSCULAR_WEAKNESS_DISORDER_MANAGEMENT,NEUROMUSCULAR_WEAKNESS_DISORDER_MANAGEMENT
USNWR - Pediatric Specialties,PERFORMANCE INFORMATION,PULMONOLOGY SPECIALTY,NUMBER_OF_PATIENTS,NUMBER_OF_PATIENTS
USNWR - Pediatric Specialties,PERFORMANCE INFORMATION,PULMONOLOGY SPECIALTY,NUMBER_OF_TESTS_AND_NONINVASIVE_PROCEDURES,NUMBER_OF_TESTS_AND_NONINVASIVE_PROCEDURES
USNWR - Pediatric Specialties,PERFORMANCE INFORMATION,PULMONOLOGY SPECIALTY,NURSE_STAFFING,NURSE_STAFFING
USNWR - Pediatric Specialties,PERFORMANCE INFORMATION,PULMONOLOGY SPECIALTY,PRESSURE_INJURY_PREVENTION,PRESSURE_INJURY_PREVENTION
USNWR - Pediatric Specialties,PERFORMANCE INFORMATION,PULMONOLOGY SPECIALTY,SUCCESS_WITH_ASTHMA_INPATIENTS,SUCCESS_WITH_ASTHMA_INPATIENTS
USNWR - Pediatric Specialties,PERFORMANCE INFORMATION,PULMONOLOGY SPECIALTY,SURVIVAL_AFTER_LUNG_TRANSPLANT,SURVIVAL_AFTER_LUNG_TRANSPLANT
USNWR - Pediatric Specialties,PERFORMANCE INFORMATION,UROLOGY SPECIALTY,A_NURSE_MAGNET_HOSPITAL,A_NURSE_MAGNET_HOSPITAL
USNWR - Pediatric Specialties,PERFORMANCE INFORMATION,UROLOGY SPECIALTY,ACTIVE_FELLOWSHIP_PROGRAMS,ACTIVE_FELLOWSHIP_PROGRAMS
USNWR - Pediatric Specialties,PERFORMANCE INFORMATION,UROLOGY SPECIALTY,ADOPTION_OF_HEALTH_INFORMATION_TECHNOLOGY,ADOPTION_OF_HEALTH_INFORMATION_TECHNOLOGY
USNWR - Pediatric Specialties,PERFORMANCE INFORMATION,UROLOGY SPECIALTY,ADVANCED_CLINICAL_SERVICES,ADVANCED_CLINICAL_SERVICES
USNWR - Pediatric Specialties,PERFORMANCE INFORMATION,UROLOGY SPECIALTY,ADVANCED_TECHNOLOGIES,ADVANCED_TECHNOLOGIES
USNWR - Pediatric Specialties,PERFORMANCE INFORMATION,UROLOGY SPECIALTY,CLINICAL_SUPPORT_SERVICES,CLINICAL_SUPPORT_SERVICES
USNWR - Pediatric Specialties,PERFORMANCE INFORMATION,UROLOGY SPECIALTY,COMMITMENT_TO_BEST_PRACTICES,COMMITMENT_TO_BEST_PRACTICES
USNWR - Pediatric Specialties,PERFORMANCE INFORMATION,UROLOGY SPECIALTY,COMMITMENT_TO_CLINICAL_RESEARCH,COMMITMENT_TO_CLINICAL_RESEARCH
USNWR - Pediatric Specialties,PERFORMANCE INFORMATION,UROLOGY SPECIALTY,COMMITMENT_TO_DIVERSITY_EQUITY_AND_INCLUSION,COMMITMENT_TO_DIVERSITY_EQUITY_AND_INCLUSION
USNWR - Pediatric Specialties,PERFORMANCE INFORMATION,UROLOGY SPECIALTY,COMMITMENT_TO_QUALITY_IMPROVEMENT,COMMITMENT_TO_QUALITY_IMPROVEMENT
USNWR - Pediatric Specialties,PERFORMANCE INFORMATION,UROLOGY SPECIALTY,DOMAIN SCORE,Domain Score
USNWR - Pediatric Specialties,PERFORMANCE INFORMATION,UROLOGY SPECIALTY,EXPERT_OPINION,EXPERT_OPINION
USNWR - Pediatric Specialties,PERFORMANCE INFORMATION,UROLOGY SPECIALTY,FAMILY_SUPPORT,FAMILY_SUPPORT
USNWR - Pediatric Specialties,PERFORMANCE INFORMATION,UROLOGY SPECIALTY,FULLTIME_SUBSPECIALISTS,FULLTIME_SUBSPECIALISTS
USNWR - Pediatric Specialties,PERFORMANCE INFORMATION,UROLOGY SPECIALTY,INFECTION_PREVENTION,INFECTION_PREVENTION
USNWR - Pediatric Specialties,PERFORMANCE INFORMATION,UROLOGY SPECIALTY,INVOLVES_FAMILIES_IN_CARE_PLANNING,INVOLVES_FAMILIES_IN_CARE_PLANNING
USNWR - Pediatric Specialties,PERFORMANCE INFORMATION,UROLOGY SPECIALTY,NUMBER_OF_MINIMALLY_INVASIVE_PROCEDURES,NUMBER_OF_MINIMALLY_INVASIVE_PROCEDURES
USNWR - Pediatric Specialties,PERFORMANCE INFORMATION,UROLOGY SPECIALTY,NUMBER_OF_PATIENTS,NUMBER_OF_PATIENTS
USNWR - Pediatric Specialties,PERFORMANCE INFORMATION,UROLOGY SPECIALTY,NUMBER_OF_SURGERIES,NUMBER_OF_SURGERIES
USNWR - Pediatric Specialties,PERFORMANCE INFORMATION,UROLOGY SPECIALTY,NURSE_STAFFING,NURSE_STAFFING
USNWR - Pediatric Specialties,PERFORMANCE INFORMATION,UROLOGY SPECIALTY,PREVENTION_OF_SURGICAL_COMPLICATIONS,PREVENTION_OF_SURGICAL_COMPLICATIONS
USNWR - Pediatric Specialties,PERFORMANCE INFORMATION,UROLOGY SPECIALTY,SPECIALIZED_CLINICS_AND_PROGRAMS,SPECIALIZED_CLINICS_AND_PROGRAMS
USNWR - Pediatric Specialties,PERFORMANCE INFORMATION,UROLOGY SPECIALTY,SPEED_IN_TREATING_TESTICULAR_TORSION,SPEED_IN_TREATING_TESTICULAR_TORSION
VIZIENT,MEASURE GROUP SCORES,Effectiveness,DOMAIN SCORE,Domain Score
VIZIENT,MEASURE GROUP SCORES,Efficiency,DOMAIN SCORE,Domain Score
VIZIENT,MEASURE GROUP SCORES,Equity,DOMAIN SCORE,Domain Score
VIZIENT,MEASURE GROUP SCORES,Mortality,DOMAIN SCORE,Domain Score
VIZIENT,MEASURE GROUP SCORES,Overall,DOMAIN SCORE,Domain Score
VIZIENT,MEASURE GROUP SCORES,Patient centeredness,DOMAIN SCORE,Domain Score
VIZIENT,MEASURE GROUP SCORES,Safety,DOMAIN SCORE,Domain Score
VIZIENT,MEASURE GROUP SCORES,Variation in care,DOMAIN SCORE,Domain Score
VIZIENT,PERFORMANCE INFORMATION,Effectiveness,,Outpatient Procedure Revisits - Arthroscopy
VIZIENT,PERFORMANCE INFORMATION,Effectiveness,,OutpatientProcedure Revisits - Arthroscopy
VIZIENT,PERFORMANCE INFORMATION,Effectiveness,,Excess days - Pulmonary/critical care
VIZIENT,PERFORMANCE INFORMATION,Effectiveness,,Excess days - Oncology
VIZIENT,PERFORMANCE INFORMATION,Effectiveness,,Excess days - Medicine general
VIZIENT,PERFORMANCE INFORMATION,Effectiveness,,Excess days - Cardiology
VIZIENT,PERFORMANCE INFORMATION,Effectiveness,,Readmission - Surgery general
VIZIENT,PERFORMANCE INFORMATION,Effectiveness,,Excess days - Trauma
VIZIENT,PERFORMANCE INFORMATION,Effectiveness,,Outpatient Procedure Revisits - Colonoscopy
VIZIENT,PERFORMANCE INFORMATION,Effectiveness,,Excess days - Neurosurgery
VIZIENT,PERFORMANCE INFORMATION,Effectiveness,,Outpatient Procedure Revisits - Biliary
VIZIENT,PERFORMANCE INFORMATION,Effectiveness,,Excess days - Vascular surgery
VIZIENT,PERFORMANCE INFORMATION,Effectiveness,,Excess days - Surgery general
VIZIENT,PERFORMANCE INFORMATION,Effectiveness,,Readmission - Ortho/spine
VIZIENT,PERFORMANCE INFORMATION,Effectiveness,,Readmission - Vascular surgery
VIZIENT,PERFORMANCE INFORMATION,Effectiveness,,Excess days - Ortho/spine
VIZIENT,PERFORMANCE INFORMATION,Effectiveness,,Readmissions - Medical
VIZIENT,PERFORMANCE INFORMATION,Effectiveness,,Readmission - Pulmonary/critical care
VIZIENT,PERFORMANCE INFORMATION,Effectiveness,,Urinary Procedures Revisits within 7-days
VIZIENT,PERFORMANCE INFORMATION,Effectiveness,,Readmission - Oncology
VIZIENT,PERFORMANCE INFORMATION,Effectiveness,,Readmission - CT surgery
VIZIENT,PERFORMANCE INFORMATION,Effectiveness,,Excess days - Neurology
VIZIENT,PERFORMANCE INFORMATION,Effectiveness,,Readmission - Medicine general
VIZIENT,PERFORMANCE INFORMATION,Effectiveness,,Readmission - Neurosurgery
VIZIENT,PERFORMANCE INFORMATION,Effectiveness,,Early Transfers Out
VIZIENT,PERFORMANCE INFORMATION,Effectiveness,,Readmissions - Surgical
VIZIENT,PERFORMANCE INFORMATION,Effectiveness,,Excess days - Solid organ transplant
VIZIENT,PERFORMANCE INFORMATION,Effectiveness,,Excess days - CT
VIZIENT,PERFORMANCE INFORMATION,Effectiveness,,Readmission - Gastroenterology
VIZIENT,PERFORMANCE INFORMATION,Effectiveness,,Readmission - Solid organ transplant
VIZIENT,PERFORMANCE INFORMATION,Effectiveness,,Outpatient Procedure Revisits - Urological
VIZIENT,PERFORMANCE INFORMATION,Effectiveness,,Readmission - Cardiology
VIZIENT,PERFORMANCE INFORMATION,Effectiveness,,Colonscopy Revisits within 7-days
VIZIENT,PERFORMANCE INFORMATION,Effectiveness,,Arthroscopy Revisits within 7-days
VIZIENT,PERFORMANCE INFORMATION,Effectiveness,,Excess days - Gastroenterology
VIZIENT,PERFORMANCE INFORMATION,Effectiveness,,Lactate level for sepsis patients within hrs of admit labs
VIZIENT,PERFORMANCE INFORMATION,Effectiveness,,Returns to the ED
VIZIENT,PERFORMANCE INFORMATION,Effectiveness,,Readmission - Neurology
VIZIENT,PERFORMANCE INFORMATION,Effectiveness,,Readmission - Trauma
VIZIENT,PERFORMANCE INFORMATION,Effectiveness,,Transfusion for hemoglobin prior to first RBC transfusion
VIZIENT,PERFORMANCE INFORMATION,Efficiency,,LOS - Gastroenterology
VIZIENT,PERFORMANCE INFORMATION,Efficiency,,LOS - CT surgery
VIZIENT,PERFORMANCE INFORMATION,Efficiency,,Direct cost - Obstetrics and gynecology
VIZIENT,PERFORMANCE INFORMATION,Efficiency,,LOS - Neurology
VIZIENT,PERFORMANCE INFORMATION,Efficiency,,Direct cost - Trauma
VIZIENT,PERFORMANCE INFORMATION,Efficiency,,LOS - Neurosurgery
VIZIENT,PERFORMANCE INFORMATION,Efficiency,,LOS - Medicine general
VIZIENT,PERFORMANCE INFORMATION,Efficiency,,Direct cost - Plastic surgery
VIZIENT,PERFORMANCE INFORMATION,Efficiency,,LOS - Ortho/spine
VIZIENT,PERFORMANCE INFORMATION,Efficiency,,LOS - Surgery general
VIZIENT,PERFORMANCE INFORMATION,Efficiency,,Direct cost - Neurology
VIZIENT,PERFORMANCE INFORMATION,Efficiency,,Direct cost - Surgery general
VIZIENT,PERFORMANCE INFORMATION,Efficiency,,Direct cost - Pulmonary/critical care
VIZIENT,PERFORMANCE INFORMATION,Efficiency,,LOS - Trauma
VIZIENT,PERFORMANCE INFORMATION,Efficiency,,Direct cost - Obstetrics
VIZIENT,PERFORMANCE INFORMATION,Efficiency,,Direct cost - CT surgery
VIZIENT,PERFORMANCE INFORMATION,Efficiency,,Direct cost - Ortho/spine
VIZIENT,PERFORMANCE INFORMATION,Efficiency,,LOS - Oncology
VIZIENT,PERFORMANCE INFORMATION,Efficiency,,LOS - Obstetrics and gynecology
VIZIENT,PERFORMANCE INFORMATION,Efficiency,,Direct cost - Solid organ transplant
VIZIENT,PERFORMANCE INFORMATION,Efficiency,,Direct Cost O/E - Overall
VIZIENT,PERFORMANCE INFORMATION,Efficiency,,LOS - Solid organ transplant
VIZIENT,PERFORMANCE INFORMATION,Efficiency,,Direct cost - Medicine general
VIZIENT,PERFORMANCE INFORMATION,Efficiency,,LOS - Urology
VIZIENT,PERFORMANCE INFORMATION,Efficiency,,LOS - Cardiology
VIZIENT,PERFORMANCE INFORMATION,Efficiency,,Direct cost - Neurosurgery
VIZIENT,PERFORMANCE INFORMATION,Efficiency,,Direct cost - Vascular surgery
VIZIENT,PERFORMANCE INFORMATION,Efficiency,,LOS - Plastic surgery
VIZIENT,PERFORMANCE INFORMATION,Efficiency,,Direct cost - Urology
VIZIENT,PERFORMANCE INFORMATION,Efficiency,,LOS - Gynecology
VIZIENT,PERFORMANCE INFORMATION,Efficiency,,Direct cost - Gynecology
VIZIENT,PERFORMANCE INFORMATION,Efficiency,,LOS - Otolaryngology
VIZIENT,PERFORMANCE INFORMATION,Efficiency,,Direct cost - Gastroenterology
VIZIENT,PERFORMANCE INFORMATION,Efficiency,,LOS - Obstetrics
VIZIENT,PERFORMANCE INFORMATION,Efficiency,,Direct cost - Otolaryngology
VIZIENT,PERFORMANCE INFORMATION,Efficiency,,Direct cost - Oncology
VIZIENT,PERFORMANCE INFORMATION,Efficiency,,LOS - Vascular surgery
VIZIENT,PERFORMANCE INFORMATION,Efficiency,,Direct cost - Cardiology
VIZIENT,PERFORMANCE INFORMATION,Efficiency,,LOS - Pulmonary/critical care
VIZIENT,PERFORMANCE INFORMATION,Mortality,,Mortality - Ortho/spine
VIZIENT,PERFORMANCE INFORMATION,Mortality,,Mortality - Cardiology
VIZIENT,PERFORMANCE INFORMATION,Mortality,,Mortality - Neurosurgery
VIZIENT,PERFORMANCE INFORMATION,Mortality,,Mortality - Neurology
VIZIENT,PERFORMANCE INFORMATION,Mortality,,Mortality - Surgery general
VIZIENT,PERFORMANCE INFORMATION,Mortality,,Mortality - Oncology
VIZIENT,PERFORMANCE INFORMATION,Mortality,,Mortality - Trauma
VIZIENT,PERFORMANCE INFORMATION,Mortality,,Mortality - Medicine general
VIZIENT,PERFORMANCE INFORMATION,Mortality,,Mortality - Gastroenterology
VIZIENT,PERFORMANCE INFORMATION,Mortality,,Mortality - Vascular surgery
VIZIENT,PERFORMANCE INFORMATION,Mortality,,Mortality - Pulmonary/critical care
VIZIENT,PERFORMANCE INFORMATION,Mortality,,Mortality O/E - Overall
VIZIENT,PERFORMANCE INFORMATION,Mortality,,Mortality - Solid organ transplant
VIZIENT,PERFORMANCE INFORMATION,Mortality,,Mortality - CT surgery
VIZIENT,PERFORMANCE INFORMATION,Patient centeredness,,Nurse
VIZIENT,PERFORMANCE INFORMATION,Patient centeredness,,Overall
VIZIENT,PERFORMANCE INFORMATION,Patient centeredness,,Cleanliness/quietness
VIZIENT,PERFORMANCE INFORMATION,Patient centeredness,,Medications
VIZIENT,PERFORMANCE INFORMATION,Patient centeredness,,Transition of care
VIZIENT,PERFORMANCE INFORMATION,Patient centeredness,,Responsiveness
VIZIENT,PERFORMANCE INFORMATION,Patient centeredness,,Discharge
VIZIENT,PERFORMANCE INFORMATION,Patient centeredness,,Doctor
VIZIENT,PERFORMANCE INFORMATION,Safety,,NHSN - SSI - COLO
VIZIENT,PERFORMANCE INFORMATION,Safety,,NHSN - CAUTI
VIZIENT,PERFORMANCE INFORMATION,Safety,,PSI-11 - postoperative respiratory failure
VIZIENT,PERFORMANCE INFORMATION,Safety,,NHSN - SSI
VIZIENT,PERFORMANCE INFORMATION,Safety,,PSI-03 - pressure ulcer
VIZIENT,PERFORMANCE INFORMATION,Safety,,PSI-09 - postoperative hemorrhage or hematoma
VIZIENT,PERFORMANCE INFORMATION,Safety,,PSI-06 - iatrogenic pneumothorax
VIZIENT,PERFORMANCE INFORMATION,Safety,,Adverse Drug Events Rate
VIZIENT,PERFORMANCE INFORMATION,Safety,,NHSN - SSI - HYST
VIZIENT,PERFORMANCE INFORMATION,Safety,,NHSN - CDI
VIZIENT,PERFORMANCE INFORMATION,Safety,,THK complication
VIZIENT,PERFORMANCE INFORMATION,Safety,,NHSN - CLABSI
VIZIENT,PERFORMANCE INFORMATION,Safety,,Hypoglycemia and insulin use
VIZIENT,PERFORMANCE INFORMATION,Safety,,NHSN - Composite
VIZIENT,PERFORMANCE INFORMATION,Safety,,PSI-13 - postoperative sepsis
VIZIENT,PERFORMANCE INFORMATION,Safety,,NHSN - SSI - COLO/HYST
VIZIENT,PERFORMANCE INFORMATION,Safety,,Warfarin - elevated INR
